DefaultA.png	960	640
box.png	100	100
button_1.png	960	640
img/BigCompleted.png	188	91
img/Completed.png	188	91
img/Daily/attendance_reward_day.png	65	146
img/Daily/button_onemore.png	383	66
img/Daily/daily_reward_btn_get.png	250	66
img/Daily/daily_reward_btn_video.png	399	114
img/Daily/daily_reward_check.png	117	168
img/Daily/daily_reward_check2.png	117	168
img/Daily/daily_reward_cusor.png	117	168
img/Daily/daily_reward_day_1_0.png	65	146
img/Daily/daily_reward_day_1_1.png	65	146
img/Daily/daily_reward_day_2_0.png	65	146
img/Daily/daily_reward_day_2_1.png	65	146
img/Daily/daily_reward_day_3_0.png	65	146
img/Daily/daily_reward_day_3_1.png	65	146
img/Daily/daily_reward_day_4_0.png	65	146
img/Daily/daily_reward_day_4_1.png	65	146
img/Daily/daily_reward_day_5_0.png	65	146
img/Daily/daily_reward_day_5_1.png	65	146
img/Daily/daily_reward_day_6_0.png	65	146
img/Daily/daily_reward_day_6_1.png	65	146
img/Daily/daily_reward_day_7_0.png	65	146
img/Daily/daily_reward_day_7_1.png	65	146
img/Daily/daily_reward_day_no_0.png	67	26
img/Daily/daily_reward_day_no_1.png	67	26
img/Daily/daily_reward_day_no_2.png	67	26
img/Daily/daily_reward_day_no_3.png	67	26
img/Daily/daily_reward_day_no_4.png	67	26
img/Daily/daily_reward_day_no_5.png	67	26
img/Daily/daily_reward_day_no_6.png	67	26
img/Daily/daily_reward_frame.png	898	316
img/Daily/daily_reward_get_btn_ok.png	250	66
img/Daily/daily_reward_get_frame.png	290	316
img/Daily/daily_reward_menu_icon.png	59	72
img/Daily/daily_reward_select_no_0.png	67	26
img/Daily/daily_reward_select_no_1.png	67	26
img/Daily/daily_reward_select_no_2.png	67	26
img/Daily/daily_reward_select_no_3.png	67	26
img/Daily/daily_reward_select_no_4.png	67	26
img/Daily/daily_reward_select_no_5.png	67	26
img/Daily/daily_reward_select_no_6.png	67	26
img/EventIcon.png	59	72
img/EventPopup.png	849	314
img/Icon/Chrismas_512.png	512	512
img/Icon/Valentines_256.png	512	512
img/Icon/default_512.png	512	512
img/Icon/halloween_512.png	512	512
img/ImF[369].png	255	233
img/ImF[370].png	353	336
img/ImF[371].png	373	106
img/ImF[372].png	416	106
img/MenuUi[131].png	108	108
img/MenuUi[132].png	78	77
img/MenuUi[133].png	69	33
img/MenuUi[134].png	53	38
img/MenuUi[135].png	108	108
img/MenuUi[136].png	137	112
img/MenuUi[137].png	108	108
img/MenuUi[138].png	108	108
img/MenuUi[139].png	108	108
img/MenuUi[140].png	91	88
img/MenuUi[141].png	48	48
img/MenuUi[142].png	145	32
img/MenuUi[143].png	144	144
img/MenuUi[144].png	22	22
img/MenuUi[145].png	88	87
img/UI/Cross_Icon_AOS_0.png	101	82
img/UI/Cross_Icon_AOS_1.png	112	112
img/UI/Cross_Icon_AOS_10.png	112	112
img/UI/Cross_Icon_AOS_2.png	112	112
img/UI/Cross_Icon_AOS_3.png	112	112
img/UI/Cross_Icon_AOS_4.png	112	112
img/UI/Cross_Icon_AOS_5.png	112	112
img/UI/Cross_Icon_AOS_6.png	112	112
img/UI/Cross_Icon_AOS_7.png	112	112
img/UI/Cross_Icon_AOS_8.png	112	112
img/UI/Cross_Icon_AOS_9.png	112	112
img/UI/Cross_Icon_IOS_0.png	112	112
img/UI/Cross_Icon_IOS_1.png	112	112
img/UI/Cross_Icon_IOS_2.png	112	112
img/UI/Cross_Icon_IOS_3.png	112	112
img/UI/Cross_Icon_IOS_4.png	112	112
img/UI/Cross_Icon_IOS_5.png	112	112
img/UI/Cross_Icon_IOS_6.png	112	112
img/UI/Cross_Icon_IOS_7.png	112	112
img/UI/Cross_Icon_New.png	70	35
img/UI/DailyRewardBtn.png	417	172
img/UI/Icon_New.png	35	34
img/UI/MainRewardBG.png	515	463
img/UI/MainRewardBox.png	194	179
img/UI/MainRewardBtn.png	425	66
img/UI/MainRewardCircle.png	35	36
img/UI/MainRewardNext.png	425	66
img/UI/MainRewardUnBtn.png	425	66
img/UI/MenuUi[0].png	11	17
img/UI/MenuUi[100].png	116	28
img/UI/MenuUi[101].png	762	214
img/UI/MenuUi[102].png	145	32
img/UI/MenuUi[103].png	38	49
img/UI/MenuUi[104].png	26	26
img/UI/MenuUi[105].png	23	26
img/UI/MenuUi[106].png	103	23
img/UI/MenuUi[107].png	130	51
img/UI/MenuUi[108].png	944	472
img/UI/MenuUi[109].png	43	12
img/UI/MenuUi[10].png	5	8
img/UI/MenuUi[110].png	530	109
img/UI/MenuUi[111].png	956	508
img/UI/MenuUi[112].png	192	92
img/UI/MenuUi[113].png	192	92
img/UI/MenuUi[114].png	845	310
img/UI/MenuUi[115].png	94	106
img/UI/MenuUi[116].png	94	107
img/UI/MenuUi[117].png	89	24
img/UI/MenuUi[118].png	62	67
img/UI/MenuUi[119].png	78	64
img/UI/MenuUi[11].png	8	17
img/UI/MenuUi[120].png	55	55
img/UI/MenuUi[121].png	68	65
img/UI/MenuUi[122].png	77	66
img/UI/MenuUi[123].png	88	72
img/UI/MenuUi[124].png	44	55
img/UI/MenuUi[125].png	41	25
img/UI/MenuUi[126].png	35	13
img/UI/MenuUi[127].png	36	15
img/UI/MenuUi[128].png	39	18
img/UI/MenuUi[129].png	36	11
img/UI/MenuUi[12].png	4	12
img/UI/MenuUi[130].png	35	10
img/UI/MenuUi[131].png	108	108
img/UI/MenuUi[132].png	78	77
img/UI/MenuUi[133].png	69	33
img/UI/MenuUi[134].png	53	38
img/UI/MenuUi[135].png	108	108
img/UI/MenuUi[136].png	137	112
img/UI/MenuUi[137].png	108	108
img/UI/MenuUi[138].png	108	108
img/UI/MenuUi[139].png	108	108
img/UI/MenuUi[13].png	13	7
img/UI/MenuUi[140].png	91	88
img/UI/MenuUi[141].png	960	60
img/UI/MenuUi[142].png	145	32
img/UI/MenuUi[143].png	144	144
img/UI/MenuUi[144].png	22	22
img/UI/MenuUi[145].png	88	87
img/UI/MenuUi[146].png	66	66
img/UI/MenuUi[147].png	60	60
img/UI/MenuUi[148].png	194	35
img/UI/MenuUi[149].png	35	35
img/UI/MenuUi[14].png	13	13
img/UI/MenuUi[150].png	221	79
img/UI/MenuUi[151].png	221	79
img/UI/MenuUi[152].png	46	47
img/UI/MenuUi[153].png	49	53
img/UI/MenuUi[154].png	53	54
img/UI/MenuUi[155].png	71	54
img/UI/MenuUi[156].png	68	56
img/UI/MenuUi[157].png	28	33
img/UI/MenuUi[158].png	14	17
img/UI/MenuUi[159].png	105	57
img/UI/MenuUi[15].png	7	3
img/UI/MenuUi[160].png	101	57
img/UI/MenuUi[161].png	99	76
img/UI/MenuUi[162].png	120	50
img/UI/MenuUi[163].png	90	50
img/UI/MenuUi[164].png	146	44
img/UI/MenuUi[165].png	149	50
img/UI/MenuUi[166].png	135	60
img/UI/MenuUi[167].png	115	38
img/UI/MenuUi[168].png	143	70
img/UI/MenuUi[169].png	115	32
img/UI/MenuUi[16].png	39	44
img/UI/MenuUi[170].png	69	20
img/UI/MenuUi[171].png	75	28
img/UI/MenuUi[172].png	161	28
img/UI/MenuUi[173].png	112	112
img/UI/MenuUi[173]_ios.png	112	112
img/UI/MenuUi[174].png	112	112
img/UI/MenuUi[174]_ios.png	112	112
img/UI/MenuUi[175].png	112	112
img/UI/MenuUi[175]_ios.png	112	112
img/UI/MenuUi[176].png	112	112
img/UI/MenuUi[176]_ios.png	112	112
img/UI/MenuUi[177].png	112	112
img/UI/MenuUi[177]_ios.png	112	112
img/UI/MenuUi[178].png	112	112
img/UI/MenuUi[178]_ios.png	112	112
img/UI/MenuUi[179].png	16	13
img/UI/MenuUi[17].png	46	46
img/UI/MenuUi[180].png	16	13
img/UI/MenuUi[181].png	591	127
img/UI/MenuUi[182].png	45	20
img/UI/MenuUi[183].png	192	92
img/UI/MenuUi[184].png	11	15
img/UI/MenuUi[185].png	39	17
img/UI/MenuUi[186].png	83	21
img/UI/MenuUi[187].png	100	17
img/UI/MenuUi[188].png	93	17
img/UI/MenuUi[189].png	57	17
img/UI/MenuUi[18].png	39	55
img/UI/MenuUi[190].png	84	17
img/UI/MenuUi[191].png	90	17
img/UI/MenuUi[192].png	79	21
img/UI/MenuUi[193].png	55	17
img/UI/MenuUi[194].png	115	17
img/UI/MenuUi[195].png	88	21
img/UI/MenuUi[196].png	87	21
img/UI/MenuUi[197].png	100	17
img/UI/MenuUi[198].png	233	50
img/UI/MenuUi[199].png	112	50
img/UI/MenuUi[19].png	690	187
img/UI/MenuUi[1].png	8	16
img/UI/MenuUi[200].png	67	69
img/UI/MenuUi[201].png	216	69
img/UI/MenuUi[202].png	14	14
img/UI/MenuUi[203].png	52	47
img/UI/MenuUi[204].png	107	20
img/UI/MenuUi[205].png	102	40
img/UI/MenuUi[206].png	95	56
img/UI/MenuUi[207].png	114	20
img/UI/MenuUi[208].png	122	21
img/UI/MenuUi[209].png	960	381
img/UI/MenuUi[20].png	20	26
img/UI/MenuUi[210].png	58	60
img/UI/MenuUi[211].png	177	63
img/UI/MenuUi[212].png	114	34
img/UI/MenuUi[213].png	25	25
img/UI/MenuUi[214].png	844	173
img/UI/MenuUi[214]_ios.png	844	173
img/UI/MenuUi[215].png	90	70
img/UI/MenuUi[216].png	32	34
img/UI/MenuUi[217].png	41	32
img/UI/MenuUi[218].png	32	30
img/UI/MenuUi[219].png	60	55
img/UI/MenuUi[21].png	15	25
img/UI/MenuUi[220].png	71	54
img/UI/MenuUi[221].png	56	53
img/UI/MenuUi[222].png	53	53
img/UI/MenuUi[223].png	68	56
img/UI/MenuUi[224].png	62	57
img/UI/MenuUi[225].png	64	64
img/UI/MenuUi[226].png	948	496
img/UI/MenuUi[227].png	302	64
img/UI/MenuUi[228].png	66	66
img/UI/MenuUi[229].png	601	89
img/UI/MenuUi[22].png	19	26
img/UI/MenuUi[230].png	239	139
img/UI/MenuUi[231].png	239	139
img/UI/MenuUi[232].png	239	139
img/UI/MenuUi[233].png	515	309
img/UI/MenuUi[234].png	515	309
img/UI/MenuUi[235].png	515	309
img/UI/MenuUi[236].png	944	472
img/UI/MenuUi[236]_ko.png	944	472
img/UI/MenuUi[237].png	284	54
img/UI/MenuUi[237]_ios.png	284	54
img/UI/MenuUi[238].png	147	47
img/UI/MenuUi[239].png	147	47
img/UI/MenuUi[23].png	19	26
img/UI/MenuUi[240].png	434	243
img/UI/MenuUi[240]_ios.png	434	243
img/UI/MenuUi[240]_ko.png	434	243
img/UI/MenuUi[241].png	430	195
img/UI/MenuUi[242].png	147	47
img/UI/MenuUi[243].png	147	47
img/UI/MenuUi[244].png	158	60
img/UI/MenuUi[245].png	158	60
img/UI/MenuUi[246].png	158	60
img/UI/MenuUi[247].png	172	104
img/UI/MenuUi[248].png	82	3
img/UI/MenuUi[249].png	28	23
img/UI/MenuUi[24].png	20	25
img/UI/MenuUi[250].png	20	30
img/UI/MenuUi[251].png	809	322
img/UI/MenuUi[252].png	809	322
img/UI/MenuUi[253].png	809	372
img/UI/MenuUi[254].png	101	57
img/UI/MenuUi[255].png	99	76
img/UI/MenuUi[256].png	120	50
img/UI/MenuUi[257].png	90	50
img/UI/MenuUi[258].png	146	44
img/UI/MenuUi[259].png	149	50
img/UI/MenuUi[25].png	19	25
img/UI/MenuUi[260].png	135	60
img/UI/MenuUi[261].png	115	38
img/UI/MenuUi[262].png	143	70
img/UI/MenuUi[263].png	115	32
img/UI/MenuUi[264].png	399	114
img/UI/MenuUi[265].png	434	243
img/UI/MenuUi[266].png	154	74
img/UI/MenuUi[267].png	177	63
img/UI/MenuUi[268].png	36	36
img/UI/MenuUi[269].png	21	20
img/UI/MenuUi[26].png	19	26
img/UI/MenuUi[270].png	18	20
img/UI/MenuUi[271].png	36	36
img/UI/MenuUi[272].png	14	19
img/UI/MenuUi[273].png	11	18
img/UI/MenuUi[274].png	14	19
img/UI/MenuUi[275].png	14	19
img/UI/MenuUi[276].png	14	18
img/UI/MenuUi[277].png	14	18
img/UI/MenuUi[278].png	14	19
img/UI/MenuUi[279].png	14	18
img/UI/MenuUi[27].png	18	25
img/UI/MenuUi[280].png	14	19
img/UI/MenuUi[281].png	14	19
img/UI/MenuUi[282].png	6	8
img/UI/MenuUi[28].png	19	26
img/UI/MenuUi[29].png	19	26
img/UI/MenuUi[2].png	11	17
img/UI/MenuUi[30].png	8	11
img/UI/MenuUi[31].png	8	7
img/UI/MenuUi[32].png	14	10
img/UI/MenuUi[33].png	12	21
img/UI/MenuUi[34].png	70	93
img/UI/MenuUi[35].png	61	50
img/UI/MenuUi[36].png	38	38
img/UI/MenuUi[37].png	36	30
img/UI/MenuUi[38].png	33	33
img/UI/MenuUi[39].png	66	66
img/UI/MenuUi[3].png	11	17
img/UI/MenuUi[40].png	33	39
img/UI/MenuUi[41].png	20	37
img/UI/MenuUi[42].png	28	38
img/UI/MenuUi[43].png	29	37
img/UI/MenuUi[44].png	32	37
img/UI/MenuUi[45].png	30	37
img/UI/MenuUi[46].png	31	38
img/UI/MenuUi[47].png	28	37
img/UI/MenuUi[48].png	30	38
img/UI/MenuUi[49].png	31	38
img/UI/MenuUi[4].png	11	16
img/UI/MenuUi[50].png	11	15
img/UI/MenuUi[51].png	9	14
img/UI/MenuUi[52].png	11	15
img/UI/MenuUi[53].png	11	15
img/UI/MenuUi[54].png	12	14
img/UI/MenuUi[55].png	11	14
img/UI/MenuUi[56].png	11	15
img/UI/MenuUi[57].png	11	14
img/UI/MenuUi[58].png	11	15
img/UI/MenuUi[59].png	12	15
img/UI/MenuUi[5].png	11	16
img/UI/MenuUi[60].png	17	15
img/UI/MenuUi[61].png	600	380
img/UI/MenuUi[62].png	420	266
img/UI/MenuUi[63].png	80	91
img/UI/MenuUi[64].png	50	50
img/UI/MenuUi[65].png	80	91
img/UI/MenuUi[66].png	15	16
img/UI/MenuUi[67].png	42	43
img/UI/MenuUi[68].png	66	66
img/UI/MenuUi[69].png	66	66
img/UI/MenuUi[6].png	11	17
img/UI/MenuUi[70].png	66	66
img/UI/MenuUi[71].png	160	66
img/UI/MenuUi[72].png	57	28
img/UI/MenuUi[73].png	88	28
img/UI/MenuUi[74].png	66	66
img/UI/MenuUi[75].png	66	66
img/UI/MenuUi[76].png	66	66
img/UI/MenuUi[77].png	66	66
img/UI/MenuUi[78].png	66	66
img/UI/MenuUi[79].png	66	66
img/UI/MenuUi[7].png	11	16
img/UI/MenuUi[80].png	50	65
img/UI/MenuUi[81].png	100	65
img/UI/MenuUi[82].png	50	65
img/UI/MenuUi[83].png	274	145
img/UI/MenuUi[84].png	960	154
img/UI/MenuUi[85].png	897	106
img/UI/MenuUi[86].png	115	115
img/UI/MenuUi[87].png	202	30
img/UI/MenuUi[88].png	207	42
img/UI/MenuUi[89].png	190	20
img/UI/MenuUi[8].png	11	17
img/UI/MenuUi[90].png	190	16
img/UI/MenuUi[91].png	202	21
img/UI/MenuUi[92].png	283	69
img/UI/MenuUi[93].png	51	56
img/UI/MenuUi[94].png	60	60
img/UI/MenuUi[95].png	31	21
img/UI/MenuUi[96].png	27	17
img/UI/MenuUi[97].png	267	39
img/UI/MenuUi[98].png	150	35
img/UI/MenuUi[99].png	131	36
img/UI/MenuUi[9].png	12	17
img/UI/New/1Green_Bg.png	350	140
img/UI/New/1_icon_free.png	110	42
img/UI/New/Gift.png	114	93
img/UI/New/ad.png	44	24
img/UI/New/ad2.png	44	24
img/UI/New/bling_1.png	75	75
img/UI/New/bling_2.png	190	136
img/UI/New/rays1.png	418	149
img/UI/New/rays2.png	418	149
img/UI/achievements.png	58	72
img/UI/bonus1.png	255	164
img/UI/bonus2.png	44	49
img/UI/button_RewardAd_TitleMenu.png	417	172
img/UI/button_coin_vungle.png	304	83
img/UI/button_gem_vungle.png	250	65
img/UI/button_vungle_off.png	248	65
img/UI/drone.png	129	55
img/UI/drone2.png	129	55
img/UI/ranking.png	58	60
img/bg/bg_1.png	879	512
img/bg/bg_2.png	879	360
img/bg/bg_3.png	960	640
img/bg/bg_4.png	879	512
img/bg/bg_5.png	879	360
img/bg/bg_6.png	960	640
img/bg/bg_7.png	960	640
img/bg/bg_8.png	960	640
img/example/example.png	350	140
img/getRewad.png	290	316
img/icon_get.png	102	44
img/loading/Loading[0].png	100	101
img/loading/Loading[10].png	100	101
img/loading/Loading[11].png	100	101
img/loading/Loading[12].png	100	101
img/loading/Loading[13].png	100	101
img/loading/Loading[14].png	100	101
img/loading/Loading[15].png	100	101
img/loading/Loading[16].png	100	101
img/loading/Loading[17].png	100	101
img/loading/Loading[18].png	100	101
img/loading/Loading[19].png	100	101
img/loading/Loading[1].png	100	101
img/loading/Loading[20].png	100	101
img/loading/Loading[21].png	100	101
img/loading/Loading[22].png	100	101
img/loading/Loading[23].png	100	101
img/loading/Loading[24].png	105	105
img/loading/Loading[2].png	100	101
img/loading/Loading[3].png	100	101
img/loading/Loading[4].png	100	101
img/loading/Loading[5].png	100	101
img/loading/Loading[6].png	100	101
img/loading/Loading[7].png	100	101
img/loading/Loading[8].png	100	101
img/loading/Loading[9].png	100	101
img/npc1/PCimg[0].png	7	5
img/npc1/PCimg[100].png	22	35
img/npc1/PCimg[101].png	16	16
img/npc1/PCimg[102].png	22	29
img/npc1/PCimg[103].png	22	35
img/npc1/PCimg[104].png	16	16
img/npc1/PCimg[105].png	22	29
img/npc1/PCimg[106].png	22	35
img/npc1/PCimg[107].png	16	16
img/npc1/PCimg[108].png	22	29
img/npc1/PCimg[109].png	22	35
img/npc1/PCimg[10].png	12	34
img/npc1/PCimg[110].png	16	16
img/npc1/PCimg[111].png	22	29
img/npc1/PCimg[112].png	22	35
img/npc1/PCimg[113].png	192	47
img/npc1/PCimg[114].png	513	201
img/npc1/PCimg[115].png	512	196
img/npc1/PCimg[116].png	37	45
img/npc1/PCimg[117].png	147	52
img/npc1/PCimg[118].png	428	64
img/npc1/PCimg[119].png	350	32
img/npc1/PCimg[11].png	11	40
img/npc1/PCimg[120].png	360	65
img/npc1/PCimg[121].png	46	170
img/npc1/PCimg[122].png	46	170
img/npc1/PCimg[123].png	46	65
img/npc1/PCimg[124].png	76	76
img/npc1/PCimg[125].png	68	62
img/npc1/PCimg[126].png	12	116
img/npc1/PCimg[127].png	26	116
img/npc1/PCimg[128].png	42	116
img/npc1/PCimg[129].png	58	116
img/npc1/PCimg[12].png	11	49
img/npc1/PCimg[130].png	323	175
img/npc1/PCimg[131].png	130	215
img/npc1/PCimg[132].png	128	214
img/npc1/PCimg[133].png	135	215
img/npc1/PCimg[134].png	69	112
img/npc1/PCimg[135].png	45	112
img/npc1/PCimg[136].png	15	112
img/npc1/PCimg[137].png	380	38
img/npc1/PCimg[138].png	85	47
img/npc1/PCimg[139].png	71	29
img/npc1/PCimg[13].png	9	12
img/npc1/PCimg[140].png	59	71
img/npc1/PCimg[141].png	69	50
img/npc1/PCimg[142].png	91	47
img/npc1/PCimg[143].png	86	50
img/npc1/PCimg[144].png	48	55
img/npc1/PCimg[145].png	71	41
img/npc1/PCimg[146].png	68	50
img/npc1/PCimg[147].png	20	10
img/npc1/PCimg[148].png	24	16
img/npc1/PCimg[149].png	33	21
img/npc1/PCimg[14].png	9	28
img/npc1/PCimg[150].png	36	23
img/npc1/PCimg[151].png	49	34
img/npc1/PCimg[152].png	56	54
img/npc1/PCimg[153].png	73	50
img/npc1/PCimg[154].png	72	43
img/npc1/PCimg[155].png	56	44
img/npc1/PCimg[156].png	53	50
img/npc1/PCimg[157].png	48	52
img/npc1/PCimg[158].png	39	50
img/npc1/PCimg[159].png	144	112
img/npc1/PCimg[15].png	9	35
img/npc1/PCimg[160].png	7	5
img/npc1/PCimg[161].png	7	5
img/npc1/PCimg[162].png	7	5
img/npc1/PCimg[163].png	7	5
img/npc1/PCimg[164].png	7	5
img/npc1/PCimg[165].png	7	5
img/npc1/PCimg[166].png	7	5
img/npc1/PCimg[167].png	7	5
img/npc1/PCimg[168].png	7	5
img/npc1/PCimg[169].png	7	5
img/npc1/PCimg[16].png	9	35
img/npc1/PCimg[170].png	7	5
img/npc1/PCimg[171].png	7	5
img/npc1/PCimg[172].png	7	5
img/npc1/PCimg[173].png	7	5
img/npc1/PCimg[174].png	7	5
img/npc1/PCimg[175].png	7	5
img/npc1/PCimg[176].png	7	5
img/npc1/PCimg[177].png	7	5
img/npc1/PCimg[178].png	7	5
img/npc1/PCimg[179].png	7	5
img/npc1/PCimg[17].png	9	12
img/npc1/PCimg[180].png	40	34
img/npc1/PCimg[181].png	57	39
img/npc1/PCimg[182].png	79	46
img/npc1/PCimg[183].png	99	51
img/npc1/PCimg[184].png	109	54
img/npc1/PCimg[185].png	161	69
img/npc1/PCimg[186].png	900	1
img/npc1/PCimg[187].png	42	5
img/npc1/PCimg[188].png	42	7
img/npc1/PCimg[189].png	42	14
img/npc1/PCimg[18].png	9	28
img/npc1/PCimg[190].png	51	52
img/npc1/PCimg[191].png	67	36
img/npc1/PCimg[192].png	23	23
img/npc1/PCimg[193].png	26	25
img/npc1/PCimg[194].png	47	51
img/npc1/PCimg[195].png	26	35
img/npc1/PCimg[196].png	30	27
img/npc1/PCimg[197].png	29	28
img/npc1/PCimg[198].png	21	21
img/npc1/PCimg[199].png	184	111
img/npc1/PCimg[19].png	9	35
img/npc1/PCimg[1].png	9	12
img/npc1/PCimg[200].png	248	118
img/npc1/PCimg[201].png	204	59
img/npc1/PCimg[202].png	114	63
img/npc1/PCimg[203].png	7	53
img/npc1/PCimg[204].png	5	53
img/npc1/PCimg[205].png	20	27
img/npc1/PCimg[206].png	40	50
img/npc1/PCimg[207].png	63	58
img/npc1/PCimg[208].png	63	53
img/npc1/PCimg[209].png	60	55
img/npc1/PCimg[20].png	9	12
img/npc1/PCimg[210].png	65	61
img/npc1/PCimg[211].png	81	68
img/npc1/PCimg[212].png	89	68
img/npc1/PCimg[213].png	125	112
img/npc1/PCimg[214].png	61	208
img/npc1/PCimg[215].png	159	56
img/npc1/PCimg[216].png	85	54
img/npc1/PCimg[217].png	31	47
img/npc1/PCimg[218].png	22	23
img/npc1/PCimg[219].png	23	23
img/npc1/PCimg[21].png	9	28
img/npc1/PCimg[220].png	32	47
img/npc1/PCimg[221].png	25	43
img/npc1/PCimg[222].png	24	21
img/npc1/PCimg[223].png	24	22
img/npc1/PCimg[224].png	25	42
img/npc1/PCimg[225].png	140	69
img/npc1/PCimg[226].png	25	32
img/npc1/PCimg[227].png	29	27
img/npc1/PCimg[228].png	36	56
img/npc1/PCimg[229].png	30	25
img/npc1/PCimg[22].png	9	35
img/npc1/PCimg[230].png	34	52
img/npc1/PCimg[231].png	42	23
img/npc1/PCimg[232].png	40	18
img/npc1/PCimg[233].png	39	23
img/npc1/PCimg[234].png	38	23
img/npc1/PCimg[235].png	53	41
img/npc1/PCimg[236].png	85	38
img/npc1/PCimg[237].png	36	29
img/npc1/PCimg[238].png	15	19
img/npc1/PCimg[239].png	15	26
img/npc1/PCimg[23].png	9	12
img/npc1/PCimg[240].png	17	16
img/npc1/PCimg[241].png	15	20
img/npc1/PCimg[242].png	14	21
img/npc1/PCimg[243].png	14	14
img/npc1/PCimg[244].png	17	17
img/npc1/PCimg[245].png	14	44
img/npc1/PCimg[246].png	12	17
img/npc1/PCimg[247].png	35	35
img/npc1/PCimg[248].png	13	17
img/npc1/PCimg[249].png	19	23
img/npc1/PCimg[24].png	9	28
img/npc1/PCimg[250].png	27	12
img/npc1/PCimg[251].png	13	17
img/npc1/PCimg[252].png	20	23
img/npc1/PCimg[253].png	28	12
img/npc1/PCimg[254].png	33	56
img/npc1/PCimg[255].png	38	35
img/npc1/PCimg[256].png	20	33
img/npc1/PCimg[257].png	25	26
img/npc1/PCimg[258].png	25	40
img/npc1/PCimg[259].png	18	26
img/npc1/PCimg[25].png	9	35
img/npc1/PCimg[260].png	18	18
img/npc1/PCimg[261].png	72	63
img/npc1/PCimg[262].png	25	30
img/npc1/PCimg[263].png	25	25
img/npc1/PCimg[264].png	40	16
img/npc1/PCimg[265].png	25	30
img/npc1/PCimg[266].png	25	25
img/npc1/PCimg[267].png	40	16
img/npc1/PCimg[268].png	64	93
img/npc1/PCimg[269].png	41	91
img/npc1/PCimg[26].png	9	12
img/npc1/PCimg[270].png	119	115
img/npc1/PCimg[271].png	119	115
img/npc1/PCimg[272].png	44	19
img/npc1/PCimg[273].png	44	19
img/npc1/PCimg[274].png	77	76
img/npc1/PCimg[275].png	77	76
img/npc1/PCimg[276].png	47	26
img/npc1/PCimg[277].png	47	26
img/npc1/PCimg[278].png	41	39
img/npc1/PCimg[279].png	41	39
img/npc1/PCimg[27].png	9	28
img/npc1/PCimg[280].png	46	32
img/npc1/PCimg[281].png	46	32
img/npc1/PCimg[282].png	30	25
img/npc1/PCimg[283].png	30	25
img/npc1/PCimg[284].png	51	32
img/npc1/PCimg[285].png	51	32
img/npc1/PCimg[286].png	38	40
img/npc1/PCimg[287].png	38	40
img/npc1/PCimg[288].png	46	34
img/npc1/PCimg[289].png	46	34
img/npc1/PCimg[28].png	9	35
img/npc1/PCimg[290].png	43	40
img/npc1/PCimg[291].png	43	40
img/npc1/PCimg[292].png	58	62
img/npc1/PCimg[293].png	10	10
img/npc1/PCimg[294].png	38	50
img/npc1/PCimg[295].png	6	6
img/npc1/PCimg[296].png	58	46
img/npc1/PCimg[297].png	65	25
img/npc1/PCimg[29].png	12	12
img/npc1/PCimg[2].png	9	15
img/npc1/PCimg[30].png	12	15
img/npc1/PCimg[31].png	12	25
img/npc1/PCimg[32].png	13	28
img/npc1/PCimg[33].png	12	35
img/npc1/PCimg[34].png	12	43
img/npc1/PCimg[35].png	12	53
img/npc1/PCimg[36].png	20	21
img/npc1/PCimg[37].png	16	26
img/npc1/PCimg[38].png	16	34
img/npc1/PCimg[39].png	16	40
img/npc1/PCimg[3].png	9	25
img/npc1/PCimg[40].png	16	49
img/npc1/PCimg[41].png	12	12
img/npc1/PCimg[42].png	13	28
img/npc1/PCimg[43].png	12	35
img/npc1/PCimg[44].png	12	35
img/npc1/PCimg[45].png	12	12
img/npc1/PCimg[46].png	13	28
img/npc1/PCimg[47].png	12	35
img/npc1/PCimg[48].png	12	12
img/npc1/PCimg[49].png	13	28
img/npc1/PCimg[4].png	9	28
img/npc1/PCimg[50].png	12	35
img/npc1/PCimg[51].png	12	12
img/npc1/PCimg[52].png	13	28
img/npc1/PCimg[53].png	12	35
img/npc1/PCimg[54].png	12	12
img/npc1/PCimg[55].png	13	28
img/npc1/PCimg[56].png	12	35
img/npc1/PCimg[57].png	16	13
img/npc1/PCimg[58].png	16	16
img/npc1/PCimg[59].png	16	26
img/npc1/PCimg[5].png	9	35
img/npc1/PCimg[60].png	17	29
img/npc1/PCimg[61].png	16	35
img/npc1/PCimg[62].png	16	43
img/npc1/PCimg[63].png	16	54
img/npc1/PCimg[64].png	20	21
img/npc1/PCimg[65].png	20	26
img/npc1/PCimg[66].png	20	34
img/npc1/PCimg[67].png	20	41
img/npc1/PCimg[68].png	20	49
img/npc1/PCimg[69].png	16	13
img/npc1/PCimg[6].png	9	43
img/npc1/PCimg[70].png	17	29
img/npc1/PCimg[71].png	16	35
img/npc1/PCimg[72].png	16	35
img/npc1/PCimg[73].png	16	13
img/npc1/PCimg[74].png	17	29
img/npc1/PCimg[75].png	16	35
img/npc1/PCimg[76].png	16	13
img/npc1/PCimg[77].png	17	29
img/npc1/PCimg[78].png	16	35
img/npc1/PCimg[79].png	16	13
img/npc1/PCimg[7].png	9	53
img/npc1/PCimg[80].png	17	29
img/npc1/PCimg[81].png	16	35
img/npc1/PCimg[82].png	16	13
img/npc1/PCimg[83].png	17	29
img/npc1/PCimg[84].png	16	35
img/npc1/PCimg[85].png	16	16
img/npc1/PCimg[86].png	22	16
img/npc1/PCimg[87].png	21	26
img/npc1/PCimg[88].png	22	29
img/npc1/PCimg[89].png	21	35
img/npc1/PCimg[8].png	13	21
img/npc1/PCimg[90].png	21	43
img/npc1/PCimg[91].png	22	54
img/npc1/PCimg[92].png	26	21
img/npc1/PCimg[93].png	26	26
img/npc1/PCimg[94].png	26	34
img/npc1/PCimg[95].png	25	41
img/npc1/PCimg[96].png	25	49
img/npc1/PCimg[97].png	16	16
img/npc1/PCimg[98].png	22	29
img/npc1/PCimg[99].png	22	35
img/npc1/PCimg[9].png	12	26
img/npc2/Headimg[0].png	9	9
img/npc2/Headimg[10].png	26	28
img/npc2/Headimg[11].png	30	28
img/npc2/Headimg[12].png	30	28
img/npc2/Headimg[13].png	38	28
img/npc2/Headimg[14].png	38	28
img/npc2/Headimg[15].png	28	28
img/npc2/Headimg[16].png	28	28
img/npc2/Headimg[17].png	41	28
img/npc2/Headimg[18].png	41	28
img/npc2/Headimg[19].png	25	31
img/npc2/Headimg[1].png	22	22
img/npc2/Headimg[20].png	25	31
img/npc2/Headimg[21].png	24	46
img/npc2/Headimg[22].png	24	46
img/npc2/Headimg[23].png	28	28
img/npc2/Headimg[24].png	28	28
img/npc2/Headimg[25].png	30	33
img/npc2/Headimg[26].png	30	33
img/npc2/Headimg[27].png	31	34
img/npc2/Headimg[28].png	31	34
img/npc2/Headimg[29].png	30	33
img/npc2/Headimg[2].png	22	22
img/npc2/Headimg[30].png	30	33
img/npc2/Headimg[31].png	38	28
img/npc2/Headimg[32].png	38	28
img/npc2/Headimg[33].png	32	32
img/npc2/Headimg[34].png	32	32
img/npc2/Headimg[35].png	32	26
img/npc2/Headimg[36].png	32	26
img/npc2/Headimg[37].png	33	32
img/npc2/Headimg[38].png	33	32
img/npc2/Headimg[39].png	32	30
img/npc2/Headimg[3].png	28	28
img/npc2/Headimg[40].png	32	30
img/npc2/Headimg[41].png	38	14
img/npc2/Headimg[42].png	38	14
img/npc2/Headimg[43].png	27	30
img/npc2/Headimg[44].png	27	30
img/npc2/Headimg[45].png	28	31
img/npc2/Headimg[46].png	28	31
img/npc2/Headimg[4].png	28	28
img/npc2/Headimg[5].png	31	32
img/npc2/Headimg[6].png	31	32
img/npc2/Headimg[7].png	20	28
img/npc2/Headimg[8].png	20	28
img/npc2/Headimg[9].png	26	28
img/npc2/Weaponimg[0].png	9	9
img/npc2/Weaponimg[10].png	74	32
img/npc2/Weaponimg[11].png	73	34
img/npc2/Weaponimg[12].png	73	34
img/npc2/Weaponimg[13].png	90	29
img/npc2/Weaponimg[14].png	90	29
img/npc2/Weaponimg[15].png	107	33
img/npc2/Weaponimg[16].png	107	33
img/npc2/Weaponimg[17].png	111	40
img/npc2/Weaponimg[18].png	111	40
img/npc2/Weaponimg[19].png	88	26
img/npc2/Weaponimg[1].png	66	20
img/npc2/Weaponimg[20].png	88	26
img/npc2/Weaponimg[21].png	121	46
img/npc2/Weaponimg[22].png	121	46
img/npc2/Weaponimg[23].png	93	34
img/npc2/Weaponimg[24].png	93	34
img/npc2/Weaponimg[25].png	23	24
img/npc2/Weaponimg[26].png	23	24
img/npc2/Weaponimg[27].png	13	70
img/npc2/Weaponimg[28].png	13	70
img/npc2/Weaponimg[29].png	13	75
img/npc2/Weaponimg[2].png	66	20
img/npc2/Weaponimg[30].png	13	75
img/npc2/Weaponimg[31].png	13	81
img/npc2/Weaponimg[32].png	13	81
img/npc2/Weaponimg[33].png	27	68
img/npc2/Weaponimg[34].png	27	68
img/npc2/Weaponimg[35].png	23	24
img/npc2/Weaponimg[36].png	23	24
img/npc2/Weaponimg[3].png	44	25
img/npc2/Weaponimg[4].png	44	25
img/npc2/Weaponimg[5].png	51	28
img/npc2/Weaponimg[6].png	51	28
img/npc2/Weaponimg[7].png	56	48
img/npc2/Weaponimg[8].png	56	48
img/npc2/Weaponimg[9].png	74	32
img/npc2/Weaponimgup[10].png	74	32
img/npc2/Weaponimgup[11].png	73	34
img/npc2/Weaponimgup[12].png	73	34
img/npc2/Weaponimgup[13].png	90	29
img/npc2/Weaponimgup[14].png	90	29
img/npc2/Weaponimgup[15].png	107	33
img/npc2/Weaponimgup[16].png	107	33
img/npc2/Weaponimgup[17].png	111	40
img/npc2/Weaponimgup[18].png	111	40
img/npc2/Weaponimgup[19].png	88	26
img/npc2/Weaponimgup[20].png	88	26
img/npc2/Weaponimgup[21].png	121	46
img/npc2/Weaponimgup[22].png	121	46
img/npc2/Weaponimgup[23].png	93	34
img/npc2/Weaponimgup[24].png	93	34
img/npc2/Weaponimgup[5].png	51	28
img/npc2/Weaponimgup[6].png	51	28
img/npc2/Weaponimgup[7].png	56	48
img/npc2/Weaponimgup[8].png	56	48
img/npc2/Weaponimgup[9].png	74	32
img/out/ImF2[100].png	63	61
img/out/ImF2[101].png	64	65
img/out/ImF2[102].png	58	65
img/out/ImF2[103].png	49	52
img/out/ImF2[104].png	48	23
img/out/ImF2[105].png	11	9
img/out/ImF2[106].png	22	26
img/out/ImF2[107].png	36	39
img/out/ImF2[108].png	43	61
img/out/ImF2[109].png	58	66
img/out/ImF2[110].png	62	79
img/out/ImF2[111].png	73	90
img/out/ImF2[112].png	87	100
img/out/ImF2[113].png	101	117
img/out/ImF2[114].png	111	107
img/out/ImF2[115].png	93	119
img/out/ImF2[116].png	98	113
img/out/ImF2[117].png	64	99
img/out/ImF2[118].png	70	84
img/out/ImF2[119].png	63	57
img/out/ImF2[120].png	40	50
img/out/ImF2[121].png	63	58
img/out/ImF2[122].png	63	53
img/out/ImF2[123].png	60	55
img/out/ImF2[124].png	65	61
img/out/ImF2[125].png	81	68
img/out/ImF2[126].png	89	68
img/out/ImF2[180].png	55	49
img/out/ImF2[181].png	38	33
img/out/ImF2[182].png	26	33
img/out/ImF2[183].png	33	33
img/out/ImF2[184].png	18	19
img/out/ImF2[185].png	14	16
img/out/ImF2[186].png	32	34
img/out/ImF2[187].png	19	19
img/out/ImF2[323].png	13	5
img/out/ImF2[324].png	32	8
img/out/ImF2[325].png	36	9
img/out/ImF2[326].png	40	9
img/out/ImF2[327].png	46	11
img/out/ImF2[328].png	53	12
img/out/ImF2[329].png	59	12
img/out/ImF2[330].png	34	16
img/out/ImF2[331].png	45	17
img/out/ImF2[332].png	51	18
img/out/ImF2[333].png	55	16
img/out/ImF2[68].png	15	14
img/out/ImF2[69].png	49	22
img/out/ImF2[70].png	73	27
img/out/ImF2[71].png	68	43
img/out/ImF2[72].png	70	46
img/out/ImF2[73].png	71	47
img/out/ImF2[74].png	75	50
img/out/ImF2[75].png	79	54
img/out/ImF2[76].png	85	60
img/out/ImF2[77].png	88	57
img/out/ImF2[78].png	77	48
img/out/ImF2[79].png	68	27
img/out/ImF2[80].png	35	16
img/out/ImF2[81].png	40	28
img/out/ImF2[82].png	49	30
img/out/ImF2[83].png	49	35
img/out/ImF2[84].png	55	37
img/out/ImF2[85].png	54	41
img/out/ImF2[86].png	65	43
img/out/ImF2[87].png	65	48
img/out/ImF2[88].png	70	50
img/out/ImF2[89].png	73	51
img/out/ImF2[90].png	69	53
img/out/ImF2[91].png	55	48
img/out/ImF2[92].png	20	12
img/out/ImF2[93].png	35	21
img/out/ImF2[94].png	39	24
img/out/ImF2[95].png	55	48
img/out/ImF2[96].png	60	51
img/out/ImF2[97].png	57	54
img/out/ImF2[98].png	53	57
img/out/ImF2[99].png	55	59
img/out/ImF[0].png	7	8
img/out/ImF[100].png	63	61
img/out/ImF[101].png	64	65
img/out/ImF[102].png	58	65
img/out/ImF[103].png	49	52
img/out/ImF[104].png	48	23
img/out/ImF[105].png	11	9
img/out/ImF[106].png	22	26
img/out/ImF[107].png	36	39
img/out/ImF[108].png	43	61
img/out/ImF[109].png	58	66
img/out/ImF[10].png	15	7
img/out/ImF[110].png	62	79
img/out/ImF[111].png	73	90
img/out/ImF[112].png	87	100
img/out/ImF[113].png	101	117
img/out/ImF[114].png	111	107
img/out/ImF[115].png	93	119
img/out/ImF[116].png	98	113
img/out/ImF[117].png	64	99
img/out/ImF[118].png	70	84
img/out/ImF[119].png	63	57
img/out/ImF[11].png	16	6
img/out/ImF[120].png	40	50
img/out/ImF[121].png	63	58
img/out/ImF[122].png	63	53
img/out/ImF[123].png	60	55
img/out/ImF[124].png	65	61
img/out/ImF[125].png	81	68
img/out/ImF[126].png	89	68
img/out/ImF[127].png	47	27
img/out/ImF[128].png	51	91
img/out/ImF[129].png	109	133
img/out/ImF[12].png	145	32
img/out/ImF[130].png	121	143
img/out/ImF[131].png	123	146
img/out/ImF[132].png	119	149
img/out/ImF[133].png	115	149
img/out/ImF[134].png	101	155
img/out/ImF[135].png	93	141
img/out/ImF[136].png	89	143
img/out/ImF[137].png	79	145
img/out/ImF[138].png	78	147
img/out/ImF[139].png	69	145
img/out/ImF[13].png	31	30
img/out/ImF[140].png	69	144
img/out/ImF[141].png	68	141
img/out/ImF[142].png	61	97
img/out/ImF[143].png	42	55
img/out/ImF[144].png	29	51
img/out/ImF[145].png	23	20
img/out/ImF[146].png	19	14
img/out/ImF[147].png	23	28
img/out/ImF[148].png	25	23
img/out/ImF[149].png	17	20
img/out/ImF[14].png	23	24
img/out/ImF[150].png	19	21
img/out/ImF[151].png	21	18
img/out/ImF[152].png	13	14
img/out/ImF[153].png	19	16
img/out/ImF[154].png	36	14
img/out/ImF[155].png	17	17
img/out/ImF[156].png	31	17
img/out/ImF[157].png	23	20
img/out/ImF[158].png	22	18
img/out/ImF[159].png	12	9
img/out/ImF[15].png	41	46
img/out/ImF[160].png	7	6
img/out/ImF[161].png	13	15
img/out/ImF[162].png	77	117
img/out/ImF[163].png	135	109
img/out/ImF[164].png	160	158
img/out/ImF[165].png	155	164
img/out/ImF[166].png	155	159
img/out/ImF[167].png	154	162
img/out/ImF[168].png	156	161
img/out/ImF[169].png	151	161
img/out/ImF[16].png	39	20
img/out/ImF[170].png	150	163
img/out/ImF[171].png	156	168
img/out/ImF[172].png	157	167
img/out/ImF[173].png	153	171
img/out/ImF[174].png	153	174
img/out/ImF[175].png	154	176
img/out/ImF[176].png	157	176
img/out/ImF[177].png	162	188
img/out/ImF[178].png	103	187
img/out/ImF[179].png	112	183
img/out/ImF[17].png	55	45
img/out/ImF[180].png	55	49
img/out/ImF[181].png	38	33
img/out/ImF[182].png	26	33
img/out/ImF[183].png	33	33
img/out/ImF[184].png	18	19
img/out/ImF[185].png	14	16
img/out/ImF[186].png	32	34
img/out/ImF[187].png	19	19
img/out/ImF[188].png	25	18
img/out/ImF[189].png	21	28
img/out/ImF[18].png	66	47
img/out/ImF[190].png	27	24
img/out/ImF[191].png	21	18
img/out/ImF[192].png	18	18
img/out/ImF[193].png	30	29
img/out/ImF[194].png	28	34
img/out/ImF[195].png	33	29
img/out/ImF[196].png	25	23
img/out/ImF[197].png	20	22
img/out/ImF[198].png	14	25
img/out/ImF[199].png	18	25
img/out/ImF[19].png	59	38
img/out/ImF[1].png	12	8
img/out/ImF[200].png	62	20
img/out/ImF[201].png	103	9
img/out/ImF[202].png	46	27
img/out/ImF[203].png	56	21
img/out/ImF[204].png	60	25
img/out/ImF[205].png	58	25
img/out/ImF[206].png	53	22
img/out/ImF[207].png	43	26
img/out/ImF[208].png	53	22
img/out/ImF[209].png	61	21
img/out/ImF[20].png	67	47
img/out/ImF[210].png	95	39
img/out/ImF[211].png	96	41
img/out/ImF[212].png	95	40
img/out/ImF[213].png	50	21
img/out/ImF[214].png	50	21
img/out/ImF[215].png	38	15
img/out/ImF[216].png	56	57
img/out/ImF[217].png	41	37
img/out/ImF[218].png	10	23
img/out/ImF[219].png	55	41
img/out/ImF[21].png	61	31
img/out/ImF[220].png	26	26
img/out/ImF[221].png	46	79
img/out/ImF[222].png	78	100
img/out/ImF[223].png	65	103
img/out/ImF[224].png	64	94
img/out/ImF[225].png	68	92
img/out/ImF[226].png	33	63
img/out/ImF[227].png	40	34
img/out/ImF[228].png	57	39
img/out/ImF[229].png	79	46
img/out/ImF[22].png	68	26
img/out/ImF[230].png	99	51
img/out/ImF[231].png	109	54
img/out/ImF[232].png	161	69
img/out/ImF[233].png	172	139
img/out/ImF[234].png	177	138
img/out/ImF[235].png	187	129
img/out/ImF[236].png	188	121
img/out/ImF[237].png	188	115
img/out/ImF[238].png	188	103
img/out/ImF[239].png	181	112
img/out/ImF[23].png	60	38
img/out/ImF[240].png	61	53
img/out/ImF[241].png	71	65
img/out/ImF[242].png	83	70
img/out/ImF[243].png	84	75
img/out/ImF[244].png	85	77
img/out/ImF[245].png	88	49
img/out/ImF[246].png	21	18
img/out/ImF[247].png	22	19
img/out/ImF[248].png	23	22
img/out/ImF[249].png	54	57
img/out/ImF[24].png	70	50
img/out/ImF[250].png	14	22
img/out/ImF[251].png	12	21
img/out/ImF[252].png	26	26
img/out/ImF[253].png	53	29
img/out/ImF[254].png	26	25
img/out/ImF[255].png	58	29
img/out/ImF[256].png	26	27
img/out/ImF[257].png	17	27
img/out/ImF[258].png	17	21
img/out/ImF[259].png	9	15
img/out/ImF[25].png	54	57
img/out/ImF[260].png	23	14
img/out/ImF[261].png	17	19
img/out/ImF[262].png	17	18
img/out/ImF[263].png	18	16
img/out/ImF[264].png	15	16
img/out/ImF[265].png	14	9
img/out/ImF[266].png	11	12
img/out/ImF[267].png	10	12
img/out/ImF[268].png	11	10
img/out/ImF[269].png	9	11
img/out/ImF[26].png	56	58
img/out/ImF[270].png	8	12
img/out/ImF[271].png	7	8
img/out/ImF[272].png	8	6
img/out/ImF[273].png	7	7
img/out/ImF[274].png	7	8
img/out/ImF[275].png	6	6
img/out/ImF[276].png	5	8
img/out/ImF[277].png	5	4
img/out/ImF[278].png	4	5
img/out/ImF[279].png	23	14
img/out/ImF[27].png	57	63
img/out/ImF[280].png	17	19
img/out/ImF[281].png	17	18
img/out/ImF[282].png	18	16
img/out/ImF[283].png	15	16
img/out/ImF[284].png	14	9
img/out/ImF[285].png	10	12
img/out/ImF[286].png	10	11
img/out/ImF[287].png	12	10
img/out/ImF[288].png	9	11
img/out/ImF[289].png	8	12
img/out/ImF[28].png	57	63
img/out/ImF[290].png	7	8
img/out/ImF[291].png	8	6
img/out/ImF[292].png	7	7
img/out/ImF[293].png	7	8
img/out/ImF[294].png	6	6
img/out/ImF[295].png	6	8
img/out/ImF[296].png	5	4
img/out/ImF[297].png	5	4
img/out/ImF[298].png	78	54
img/out/ImF[299].png	68	45
img/out/ImF[29].png	57	67
img/out/ImF[2].png	23	8
img/out/ImF[300].png	70	45
img/out/ImF[301].png	62	38
img/out/ImF[302].png	63	39
img/out/ImF[303].png	67	39
img/out/ImF[304].png	66	39
img/out/ImF[305].png	70	41
img/out/ImF[306].png	66	55
img/out/ImF[307].png	69	68
img/out/ImF[308].png	69	68
img/out/ImF[309].png	65	65
img/out/ImF[30].png	39	34
img/out/ImF[310].png	62	64
img/out/ImF[311].png	58	59
img/out/ImF[312].png	43	47
img/out/ImF[313].png	32	38
img/out/ImF[314].png	24	26
img/out/ImF[315].png	21	31
img/out/ImF[316].png	20	32
img/out/ImF[317].png	20	24
img/out/ImF[318].png	17	16
img/out/ImF[319].png	28	23
img/out/ImF[31].png	4	3
img/out/ImF[320].png	25	23
img/out/ImF[321].png	28	18
img/out/ImF[322].png	27	18
img/out/ImF[323].png	13	5
img/out/ImF[324].png	32	8
img/out/ImF[325].png	36	9
img/out/ImF[326].png	40	9
img/out/ImF[327].png	46	11
img/out/ImF[328].png	53	12
img/out/ImF[329].png	59	12
img/out/ImF[32].png	56	14
img/out/ImF[330].png	34	16
img/out/ImF[331].png	45	17
img/out/ImF[332].png	51	18
img/out/ImF[333].png	55	16
img/out/ImF[334].png	58	65
img/out/ImF[335].png	44	51
img/out/ImF[336].png	12	11
img/out/ImF[337].png	20	13
img/out/ImF[338].png	23	10
img/out/ImF[339].png	33	20
img/out/ImF[33].png	10	9
img/out/ImF[340].png	33	17
img/out/ImF[341].png	22	17
img/out/ImF[342].png	18	27
img/out/ImF[343].png	18	15
img/out/ImF[344].png	14	16
img/out/ImF[345].png	16	35
img/out/ImF[346].png	12	35
img/out/ImF[347].png	29	34
img/out/ImF[348].png	24	32
img/out/ImF[349].png	20	35
img/out/ImF[34].png	10	9
img/out/ImF[350].png	27	32
img/out/ImF[351].png	21	34
img/out/ImF[352].png	45	28
img/out/ImF[353].png	14	17
img/out/ImF[354].png	11	17
img/out/ImF[355].png	23	18
img/out/ImF[356].png	13	15
img/out/ImF[357].png	21	15
img/out/ImF[358].png	14	16
img/out/ImF[359].png	19	13
img/out/ImF[35].png	12	8
img/out/ImF[360].png	20	15
img/out/ImF[361].png	54	40
img/out/ImF[362].png	72	68
img/out/ImF[363].png	52	50
img/out/ImF[364].png	53	38
img/out/ImF[365].png	44	140
img/out/ImF[366].png	48	48
img/out/ImF[367].png	144	144
img/out/ImF[368].png	22	22
img/out/ImF[369].png	255	233
img/out/ImF[36].png	16	9
img/out/ImF[370].png	353	336
img/out/ImF[371].png	373	106
img/out/ImF[372].png	416	106
img/out/ImF[373].png	17	25
img/out/ImF[374].png	9	13
img/out/ImF[375].png	25	12
img/out/ImF[376].png	23	11
img/out/ImF[377].png	9	9
img/out/ImF[378].png	29	99
img/out/ImF[379].png	31	99
img/out/ImF[37].png	34	50
img/out/ImF[380].png	30	100
img/out/ImF[381].png	33	99
img/out/ImF[382].png	35	99
img/out/ImF[383].png	37	98
img/out/ImF[384].png	26	13
img/out/ImF[385].png	18	25
img/out/ImF[386].png	23	20
img/out/ImF[387].png	19	14
img/out/ImF[388].png	11	13
img/out/ImF[389].png	18	13
img/out/ImF[38].png	33	86
img/out/ImF[390].png	15	13
img/out/ImF[391].png	15	14
img/out/ImF[392].png	18	12
img/out/ImF[393].png	16	12
img/out/ImF[394].png	18	22
img/out/ImF[395].png	17	14
img/out/ImF[396].png	20	13
img/out/ImF[397].png	16	15
img/out/ImF[398].png	18	21
img/out/ImF[399].png	22	17
img/out/ImF[39].png	33	86
img/out/ImF[3].png	16	8
img/out/ImF[400].png	16	18
img/out/ImF[401].png	32	16
img/out/ImF[402].png	18	21
img/out/ImF[403].png	27	27
img/out/ImF[404].png	14	20
img/out/ImF[405].png	12	18
img/out/ImF[406].png	7	15
img/out/ImF[407].png	7	15
img/out/ImF[408].png	8	18
img/out/ImF[409].png	14	17
img/out/ImF[40].png	33	86
img/out/ImF[410].png	12	12
img/out/ImF[411].png	23	15
img/out/ImF[412].png	7	18
img/out/ImF[413].png	32	18
img/out/ImF[414].png	24	29
img/out/ImF[415].png	21	20
img/out/ImF[416].png	26	17
img/out/ImF[417].png	34	21
img/out/ImF[418].png	26	15
img/out/ImF[419].png	42	21
img/out/ImF[41].png	36	86
img/out/ImF[420].png	22	26
img/out/ImF[421].png	23	18
img/out/ImF[422].png	21	31
img/out/ImF[423].png	24	22
img/out/ImF[424].png	26	19
img/out/ImF[425].png	29	17
img/out/ImF[426].png	25	25
img/out/ImF[427].png	23	20
img/out/ImF[428].png	12	26
img/out/ImF[429].png	18	25
img/out/ImF[42].png	41	85
img/out/ImF[430].png	16	20
img/out/ImF[431].png	25	10
img/out/ImF[432].png	19	18
img/out/ImF[433].png	20	21
img/out/ImF[434].png	23	14
img/out/ImF[435].png	54	57
img/out/ImF[436].png	47	55
img/out/ImF[437].png	54	57
img/out/ImF[438].png	79	46
img/out/ImF[439].png	41	41
img/out/ImF[43].png	39	86
img/out/ImF[440].png	62	55
img/out/ImF[441].png	63	43
img/out/ImF[442].png	42	52
img/out/ImF[443].png	101	89
img/out/ImF[444].png	45	79
img/out/ImF[445].png	35	11
img/out/ImF[446].png	9	21
img/out/ImF[447].png	17	12
img/out/ImF[448].png	37	10
img/out/ImF[449].png	23	8
img/out/ImF[44].png	36	88
img/out/ImF[450].png	26	6
img/out/ImF[451].png	45	19
img/out/ImF[452].png	35	26
img/out/ImF[453].png	22	36
img/out/ImF[454].png	31	19
img/out/ImF[455].png	21	27
img/out/ImF[456].png	36	24
img/out/ImF[457].png	31	35
img/out/ImF[458].png	40	34
img/out/ImF[459].png	3	7
img/out/ImF[45].png	35	88
img/out/ImF[460].png	3	5
img/out/ImF[461].png	22	10
img/out/ImF[462].png	29	11
img/out/ImF[463].png	33	10
img/out/ImF[464].png	35	10
img/out/ImF[465].png	3	5
img/out/ImF[466].png	11	5
img/out/ImF[467].png	11	7
img/out/ImF[468].png	10	8
img/out/ImF[469].png	8	8
img/out/ImF[46].png	35	88
img/out/ImF[470].png	10	6
img/out/ImF[471].png	11	7
img/out/ImF[472].png	12	13
img/out/ImF[473].png	11	18
img/out/ImF[474].png	14	14
img/out/ImF[475].png	20	15
img/out/ImF[476].png	24	13
img/out/ImF[477].png	17	10
img/out/ImF[478].png	17	11
img/out/ImF[479].png	22	18
img/out/ImF[47].png	35	88
img/out/ImF[480].png	25	21
img/out/ImF[481].png	19	6
img/out/ImF[482].png	17	18
img/out/ImF[483].png	19	8
img/out/ImF[484].png	25	5
img/out/ImF[485].png	8	11
img/out/ImF[486].png	6	10
img/out/ImF[487].png	8	14
img/out/ImF[488].png	23	15
img/out/ImF[489].png	6	19
img/out/ImF[48].png	9	35
img/out/ImF[490].png	14	8
img/out/ImF[491].png	11	10
img/out/ImF[492].png	6	15
img/out/ImF[493].png	6	18
img/out/ImF[494].png	6	12
img/out/ImF[495].png	16	8
img/out/ImF[496].png	11	13
img/out/ImF[497].png	14	9
img/out/ImF[498].png	14	16
img/out/ImF[499].png	16	11
img/out/ImF[49].png	12	35
img/out/ImF[4].png	29	8
img/out/ImF[500].png	32	22
img/out/ImF[501].png	45	16
img/out/ImF[502].png	25	35
img/out/ImF[503].png	20	24
img/out/ImF[504].png	20	19
img/out/ImF[505].png	12	11
img/out/ImF[506].png	11	13
img/out/ImF[507].png	17	13
img/out/ImF[508].png	18	10
img/out/ImF[509].png	16	14
img/out/ImF[50].png	16	35
img/out/ImF[510].png	22	12
img/out/ImF[511].png	16	24
img/out/ImF[512].png	29	16
img/out/ImF[513].png	19	25
img/out/ImF[514].png	21	15
img/out/ImF[515].png	26	19
img/out/ImF[516].png	11	10
img/out/ImF[517].png	14	15
img/out/ImF[518].png	13	15
img/out/ImF[519].png	13	11
img/out/ImF[51].png	17	14
img/out/ImF[520].png	30	19
img/out/ImF[521].png	28	17
img/out/ImF[522].png	24	21
img/out/ImF[523].png	25	18
img/out/ImF[524].png	11	11
img/out/ImF[525].png	12	19
img/out/ImF[526].png	13	15
img/out/ImF[527].png	22	25
img/out/ImF[528].png	27	16
img/out/ImF[529].png	12	10
img/out/ImF[52].png	16	14
img/out/ImF[530].png	16	14
img/out/ImF[531].png	15	10
img/out/ImF[532].png	15	15
img/out/ImF[533].png	8	10
img/out/ImF[534].png	9	13
img/out/ImF[535].png	20	11
img/out/ImF[536].png	8	16
img/out/ImF[537].png	8	16
img/out/ImF[538].png	6	17
img/out/ImF[539].png	8	16
img/out/ImF[53].png	26	18
img/out/ImF[540].png	9	6
img/out/ImF[541].png	9	10
img/out/ImF[542].png	9	10
img/out/ImF[543].png	9	10
img/out/ImF[544].png	9	11
img/out/ImF[545].png	20	28
img/out/ImF[546].png	17	20
img/out/ImF[547].png	8	17
img/out/ImF[548].png	14	16
img/out/ImF[549].png	17	15
img/out/ImF[54].png	29	17
img/out/ImF[550].png	18	15
img/out/ImF[551].png	12	16
img/out/ImF[552].png	13	13
img/out/ImF[553].png	10	12
img/out/ImF[554].png	10	10
img/out/ImF[555].png	12	14
img/out/ImF[556].png	8	8
img/out/ImF[557].png	27	22
img/out/ImF[558].png	24	20
img/out/ImF[559].png	19	28
img/out/ImF[55].png	27	15
img/out/ImF[560].png	17	17
img/out/ImF[561].png	24	29
img/out/ImF[562].png	16	19
img/out/ImF[563].png	21	15
img/out/ImF[564].png	30	25
img/out/ImF[565].png	16	15
img/out/ImF[566].png	8	14
img/out/ImF[567].png	18	30
img/out/ImF[568].png	7	29
img/out/ImF[569].png	18	29
img/out/ImF[56].png	7	21
img/out/ImF[570].png	28	28
img/out/ImF[571].png	14	8
img/out/ImF[572].png	21	9
img/out/ImF[573].png	13	11
img/out/ImF[574].png	20	12
img/out/ImF[575].png	18	13
img/out/ImF[576].png	20	23
img/out/ImF[577].png	15	9
img/out/ImF[578].png	23	12
img/out/ImF[579].png	24	21
img/out/ImF[57].png	16	20
img/out/ImF[580].png	30	23
img/out/ImF[581].png	13	13
img/out/ImF[582].png	17	15
img/out/ImF[583].png	17	17
img/out/ImF[584].png	24	19
img/out/ImF[585].png	20	20
img/out/ImF[586].png	13	13
img/out/ImF[587].png	16	19
img/out/ImF[588].png	25	24
img/out/ImF[589].png	20	16
img/out/ImF[58].png	15	26
img/out/ImF[590].png	16	20
img/out/ImF[591].png	20	26
img/out/ImF[592].png	21	20
img/out/ImF[593].png	28	17
img/out/ImF[594].png	22	17
img/out/ImF[595].png	18	15
img/out/ImF[596].png	139	19
img/out/ImF[597].png	133	13
img/out/ImF[598].png	125	7
img/out/ImF[599].png	113	3
img/out/ImF[59].png	19	10
img/out/ImF[5].png	29	9
img/out/ImF[600].png	9	8
img/out/ImF[601].png	23	18
img/out/ImF[602].png	19	19
img/out/ImF[603].png	19	12
img/out/ImF[604].png	30	13
img/out/ImF[605].png	21	15
img/out/ImF[606].png	19	8
img/out/ImF[607].png	22	17
img/out/ImF[608].png	27	19
img/out/ImF[609].png	16	15
img/out/ImF[60].png	15	13
img/out/ImF[610].png	17	22
img/out/ImF[611].png	12	18
img/out/ImF[612].png	7	8
img/out/ImF[613].png	9	11
img/out/ImF[614].png	14	11
img/out/ImF[615].png	11	18
img/out/ImF[616].png	25	12
img/out/ImF[617].png	28	21
img/out/ImF[618].png	25	19
img/out/ImF[619].png	25	16
img/out/ImF[61].png	10	17
img/out/ImF[620].png	21	19
img/out/ImF[621].png	43	29
img/out/ImF[622].png	36	19
img/out/ImF[623].png	36	24
img/out/ImF[624].png	26	26
img/out/ImF[625].png	28	31
img/out/ImF[626].png	23	29
img/out/ImF[627].png	31	17
img/out/ImF[628].png	27	24
img/out/ImF[629].png	28	17
img/out/ImF[62].png	9	22
img/out/ImF[630].png	18	18
img/out/ImF[631].png	17	19
img/out/ImF[632].png	23	19
img/out/ImF[633].png	20	20
img/out/ImF[634].png	9	10
img/out/ImF[635].png	12	9
img/out/ImF[636].png	9	9
img/out/ImF[637].png	7	7
img/out/ImF[638].png	19	18
img/out/ImF[639].png	16	20
img/out/ImF[63].png	15	16
img/out/ImF[640].png	18	16
img/out/ImF[641].png	27	28
img/out/ImF[642].png	28	30
img/out/ImF[643].png	24	24
img/out/ImF[644].png	23	25
img/out/ImF[645].png	24	25
img/out/ImF[646].png	30	25
img/out/ImF[647].png	28	15
img/out/ImF[648].png	26	20
img/out/ImF[649].png	21	17
img/out/ImF[64].png	18	18
img/out/ImF[650].png	21	20
img/out/ImF[651].png	21	20
img/out/ImF[652].png	18	20
img/out/ImF[653].png	13	15
img/out/ImF[654].png	17	22
img/out/ImF[655].png	25	17
img/out/ImF[656].png	25	26
img/out/ImF[657].png	18	22
img/out/ImF[658].png	17	18
img/out/ImF[659].png	19	18
img/out/ImF[65].png	17	13
img/out/ImF[660].png	12	8
img/out/ImF[661].png	18	21
img/out/ImF[662].png	20	15
img/out/ImF[663].png	22	20
img/out/ImF[664].png	27	14
img/out/ImF[665].png	26	20
img/out/ImF[666].png	25	23
img/out/ImF[667].png	41	26
img/out/ImF[668].png	27	16
img/out/ImF[669].png	24	17
img/out/ImF[66].png	10	17
img/out/ImF[670].png	45	20
img/out/ImF[671].png	49	26
img/out/ImF[672].png	52	23
img/out/ImF[673].png	48	27
img/out/ImF[674].png	95	50
img/out/ImF[675].png	55	26
img/out/ImF[676].png	42	21
img/out/ImF[677].png	48	31
img/out/ImF[678].png	99	54
img/out/ImF[679].png	47	25
img/out/ImF[67].png	56	74
img/out/ImF[680].png	46	22
img/out/ImF[681].png	35	18
img/out/ImF[682].png	55	33
img/out/ImF[683].png	55	37
img/out/ImF[684].png	8	5
img/out/ImF[685].png	10	10
img/out/ImF[686].png	8	7
img/out/ImF[687].png	6	7
img/out/ImF[688].png	8	8
img/out/ImF[689].png	13	11
img/out/ImF[68].png	15	14
img/out/ImF[690].png	10	7
img/out/ImF[691].png	8	8
img/out/ImF[692].png	8	9
img/out/ImF[693].png	9	10
img/out/ImF[694].png	18	13
img/out/ImF[695].png	8	8
img/out/ImF[696].png	18	13
img/out/ImF[697].png	6	13
img/out/ImF[698].png	20	3
img/out/ImF[699].png	17	19
img/out/ImF[69].png	49	22
img/out/ImF[6].png	27	7
img/out/ImF[70].png	73	27
img/out/ImF[71].png	68	43
img/out/ImF[72].png	70	46
img/out/ImF[73].png	71	47
img/out/ImF[74].png	75	50
img/out/ImF[75].png	79	54
img/out/ImF[76].png	85	60
img/out/ImF[77].png	88	57
img/out/ImF[78].png	77	48
img/out/ImF[79].png	68	27
img/out/ImF[7].png	19	14
img/out/ImF[80].png	35	16
img/out/ImF[81].png	40	28
img/out/ImF[82].png	49	30
img/out/ImF[83].png	49	35
img/out/ImF[84].png	55	37
img/out/ImF[85].png	54	41
img/out/ImF[86].png	65	43
img/out/ImF[87].png	65	48
img/out/ImF[88].png	70	50
img/out/ImF[89].png	73	51
img/out/ImF[8].png	24	6
img/out/ImF[90].png	69	53
img/out/ImF[91].png	55	48
img/out/ImF[92].png	20	12
img/out/ImF[93].png	35	21
img/out/ImF[94].png	39	24
img/out/ImF[95].png	55	48
img/out/ImF[96].png	60	51
img/out/ImF[97].png	57	54
img/out/ImF[98].png	53	57
img/out/ImF[99].png	55	59
img/out/ImF[9].png	68	31
img/out2/ImF[202].png	46	27
img/out2/ImF[203].png	56	21
img/out2/ImF[204].png	60	25
img/out2/ImF[205].png	58	25
img/out2/ImF[206].png	53	22
img/out2/ImF[207].png	43	26
img/out2/ImF[208].png	53	22
img/out2/ImF[209].png	61	21
img/out2/ImF[227].png	40	34
img/out2/ImF[228].png	57	39
img/out2/ImF[229].png	79	46
img/out2/ImF[230].png	99	51
img/out2/ImF[231].png	109	54
img/out2/ImF[232].png	161	69
img/out2/ImF[233].png	172	139
img/out2/ImF[234].png	177	138
img/out2/ImF[235].png	187	129
img/out2/ImF[236].png	188	121
img/out2/ImF[237].png	188	115
img/out2/ImF[238].png	188	103
img/out2/ImF[239].png	181	112
img/out2/ImF[240].png	61	53
img/out2/ImF[241].png	71	65
img/out2/ImF[242].png	83	70
img/out2/ImF[243].png	84	75
img/out2/ImF[244].png	85	77
img/out2/ImF[245].png	88	49
img/out2/ImF[378].png	29	99
img/out2/ImF[379].png	31	99
img/out2/ImF[380].png	30	100
img/out2/ImF[381].png	33	99
img/out2/ImF[382].png	35	99
img/out2/ImF[383].png	37	98
img/out2/ImF[38].png	33	86
img/out2/ImF[39].png	33	86
img/out2/ImF[40].png	33	86
img/out2/ImF[41].png	36	86
img/out2/ImF[42].png	41	85
img/out2/ImF[43].png	39	86
img/out2/ImF[44].png	36	88
img/out2/ImF[45].png	35	88
img/out2/ImF[46].png	35	88
img/out2/ImF[47].png	35	88
img/tile/bimg[0].png	10	11
img/tile/bimg[100].png	97	84
img/tile/bimg[101].png	128	146
img/tile/bimg[102].png	32	32
img/tile/bimg[103].png	32	32
img/tile/bimg[104].png	32	32
img/tile/bimg[105].png	128	32
img/tile/bimg[106].png	28	53
img/tile/bimg[107].png	41	58
img/tile/bimg[108].png	96	19
img/tile/bimg[109].png	72	69
img/tile/bimg[10].png	32	64
img/tile/bimg[110].png	137	133
img/tile/bimg[111].png	104	101
img/tile/bimg[112].png	108	29
img/tile/bimg[113].png	32	64
img/tile/bimg[114].png	128	64
img/tile/bimg[115].png	50	100
img/tile/bimg[116].png	164	25
img/tile/bimg[117].png	128	64
img/tile/bimg[118].png	128	128
img/tile/bimg[119].png	154	64
img/tile/bimg[11].png	128	64
img/tile/bimg[120].png	108	105
img/tile/bimg[121].png	124	124
img/tile/bimg[122].png	126	121
img/tile/bimg[123].png	128	137
img/tile/bimg[124].png	32	32
img/tile/bimg[125].png	64	32
img/tile/bimg[126].png	32	32
img/tile/bimg[127].png	30	32
img/tile/bimg[128].png	30	64
img/tile/bimg[129].png	30	32
img/tile/bimg[12].png	32	64
img/tile/bimg[130].png	64	43
img/tile/bimg[131].png	64	43
img/tile/bimg[132].png	2	128
img/tile/bimg[133].png	77	174
img/tile/bimg[134].png	64	46
img/tile/bimg[135].png	113	51
img/tile/bimg[136].png	155	224
img/tile/bimg[137].png	150	274
img/tile/bimg[138].png	174	71
img/tile/bimg[139].png	35	193
img/tile/bimg[13].png	64	58
img/tile/bimg[140].png	76	104
img/tile/bimg[141].png	155	174
img/tile/bimg[142].png	11	168
img/tile/bimg[143].png	11	168
img/tile/bimg[144].png	155	174
img/tile/bimg[145].png	185	83
img/tile/bimg[146].png	112	139
img/tile/bimg[147].png	152	171
img/tile/bimg[148].png	132	171
img/tile/bimg[149].png	226	148
img/tile/bimg[14].png	128	58
img/tile/bimg[150].png	226	148
img/tile/bimg[151].png	226	148
img/tile/bimg[152].png	247	166
img/tile/bimg[153].png	236	63
img/tile/bimg[154].png	172	26
img/tile/bimg[155].png	213	11
img/tile/bimg[156].png	212	23
img/tile/bimg[157].png	212	22
img/tile/bimg[158].png	128	128
img/tile/bimg[159].png	13	180
img/tile/bimg[15].png	32	58
img/tile/bimg[160].png	31	180
img/tile/bimg[161].png	23	180
img/tile/bimg[162].png	157	74
img/tile/bimg[163].png	31	15
img/tile/bimg[164].png	40	85
img/tile/bimg[165].png	21	174
img/tile/bimg[166].png	53	70
img/tile/bimg[167].png	45	95
img/tile/bimg[168].png	77	156
img/tile/bimg[169].png	93	261
img/tile/bimg[16].png	128	128
img/tile/bimg[170].png	80	12
img/tile/bimg[171].png	85	127
img/tile/bimg[172].png	82	27
img/tile/bimg[173].png	105	37
img/tile/bimg[174].png	105	72
img/tile/bimg[175].png	137	87
img/tile/bimg[176].png	144	81
img/tile/bimg[177].png	91	64
img/tile/bimg[178].png	164	58
img/tile/bimg[179].png	55	90
img/tile/bimg[17].png	96	22
img/tile/bimg[180].png	218	125
img/tile/bimg[181].png	11	21
img/tile/bimg[182].png	44	80
img/tile/bimg[183].png	49	51
img/tile/bimg[184].png	79	28
img/tile/bimg[185].png	45	31
img/tile/bimg[186].png	122	67
img/tile/bimg[187].png	110	56
img/tile/bimg[188].png	57	53
img/tile/bimg[189].png	15	15
img/tile/bimg[18].png	96	31
img/tile/bimg[190].png	64	172
img/tile/bimg[191].png	36	35
img/tile/bimg[192].png	36	41
img/tile/bimg[193].png	46	54
img/tile/bimg[194].png	68	75
img/tile/bimg[195].png	50	18
img/tile/bimg[196].png	43	29
img/tile/bimg[197].png	111	63
img/tile/bimg[198].png	53	42
img/tile/bimg[199].png	71	42
img/tile/bimg[19].png	128	64
img/tile/bimg[1].png	32	354
img/tile/bimg[200].png	148	26
img/tile/bimg[201].png	54	49
img/tile/bimg[202].png	52	29
img/tile/bimg[203].png	80	94
img/tile/bimg[204].png	27	57
img/tile/bimg[205].png	45	62
img/tile/bimg[206].png	65	19
img/tile/bimg[207].png	73	7
img/tile/bimg[208].png	23	35
img/tile/bimg[209].png	23	23
img/tile/bimg[20].png	32	64
img/tile/bimg[210].png	37	46
img/tile/bimg[211].png	52	23
img/tile/bimg[212].png	58	33
img/tile/bimg[213].png	17	45
img/tile/bimg[214].png	16	40
img/tile/bimg[215].png	15	44
img/tile/bimg[216].png	13	41
img/tile/bimg[217].png	32	26
img/tile/bimg[218].png	25	10
img/tile/bimg[219].png	33	9
img/tile/bimg[21].png	96	36
img/tile/bimg[220].png	42	20
img/tile/bimg[221].png	73	30
img/tile/bimg[222].png	22	26
img/tile/bimg[223].png	35	12
img/tile/bimg[224].png	21	45
img/tile/bimg[225].png	92	114
img/tile/bimg[226].png	14	26
img/tile/bimg[227].png	14	26
img/tile/bimg[228].png	14	26
img/tile/bimg[229].png	27	10
img/tile/bimg[22].png	128	128
img/tile/bimg[230].png	14	26
img/tile/bimg[231].png	19	26
img/tile/bimg[232].png	42	19
img/tile/bimg[233].png	41	42
img/tile/bimg[234].png	92	55
img/tile/bimg[235].png	21	155
img/tile/bimg[236].png	21	60
img/tile/bimg[237].png	20	11
img/tile/bimg[238].png	36	59
img/tile/bimg[239].png	28	50
img/tile/bimg[23].png	96	40
img/tile/bimg[240].png	42	53
img/tile/bimg[241].png	36	49
img/tile/bimg[242].png	13	51
img/tile/bimg[243].png	13	51
img/tile/bimg[244].png	40	13
img/tile/bimg[245].png	40	13
img/tile/bimg[246].png	9	66
img/tile/bimg[247].png	115	34
img/tile/bimg[248].png	49	50
img/tile/bimg[249].png	21	34
img/tile/bimg[24].png	96	12
img/tile/bimg[250].png	21	28
img/tile/bimg[251].png	21	36
img/tile/bimg[252].png	25	45
img/tile/bimg[253].png	45	42
img/tile/bimg[254].png	59	65
img/tile/bimg[255].png	10	135
img/tile/bimg[256].png	32	21
img/tile/bimg[257].png	32	21
img/tile/bimg[258].png	64	21
img/tile/bimg[259].png	32	21
img/tile/bimg[25].png	128	64
img/tile/bimg[260].png	67	20
img/tile/bimg[261].png	31	29
img/tile/bimg[262].png	26	19
img/tile/bimg[263].png	20	32
img/tile/bimg[264].png	19	32
img/tile/bimg[265].png	20	32
img/tile/bimg[266].png	32	10
img/tile/bimg[267].png	32	9
img/tile/bimg[268].png	5	37
img/tile/bimg[269].png	8	8
img/tile/bimg[26].png	32	64
img/tile/bimg[270].png	8	8
img/tile/bimg[271].png	8	8
img/tile/bimg[272].png	8	8
img/tile/bimg[273].png	12	8
img/tile/bimg[274].png	11	8
img/tile/bimg[275].png	8	10
img/tile/bimg[276].png	8	11
img/tile/bimg[277].png	8	10
img/tile/bimg[278].png	10	8
img/tile/bimg[279].png	20	20
img/tile/bimg[27].png	8	136
img/tile/bimg[280].png	17	44
img/tile/bimg[281].png	15	129
img/tile/bimg[282].png	14	32
img/tile/bimg[283].png	8	32
img/tile/bimg[284].png	71	63
img/tile/bimg[285].png	27	30
img/tile/bimg[286].png	72	64
img/tile/bimg[287].png	21	128
img/tile/bimg[288].png	64	18
img/tile/bimg[289].png	38	138
img/tile/bimg[28].png	32	32
img/tile/bimg[290].png	21	39
img/tile/bimg[291].png	103	124
img/tile/bimg[292].png	11	168
img/tile/bimg[293].png	11	168
img/tile/bimg[294].png	14	168
img/tile/bimg[295].png	15	168
img/tile/bimg[296].png	9	168
img/tile/bimg[297].png	11	168
img/tile/bimg[298].png	11	168
img/tile/bimg[299].png	14	168
img/tile/bimg[29].png	128	32
img/tile/bimg[2].png	128	354
img/tile/bimg[300].png	15	168
img/tile/bimg[301].png	9	168
img/tile/bimg[302].png	35	129
img/tile/bimg[303].png	128	129
img/tile/bimg[304].png	29	129
img/tile/bimg[305].png	49	33
img/tile/bimg[306].png	9	34
img/tile/bimg[307].png	100	176
img/tile/bimg[308].png	101	189
img/tile/bimg[309].png	100	176
img/tile/bimg[30].png	32	32
img/tile/bimg[310].png	101	189
img/tile/bimg[311].png	128	128
img/tile/bimg[312].png	128	128
img/tile/bimg[313].png	128	128
img/tile/bimg[314].png	128	128
img/tile/bimg[315].png	128	128
img/tile/bimg[316].png	128	128
img/tile/bimg[317].png	64	64
img/tile/bimg[318].png	64	64
img/tile/bimg[319].png	128	128
img/tile/bimg[31].png	32	32
img/tile/bimg[320].png	32	44
img/tile/bimg[321].png	31	32
img/tile/bimg[322].png	31	128
img/tile/bimg[323].png	31	32
img/tile/bimg[324].png	31	32
img/tile/bimg[325].png	71	371
img/tile/bimg[326].png	68	56
img/tile/bimg[327].png	194	33
img/tile/bimg[328].png	96	160
img/tile/bimg[329].png	32	21
img/tile/bimg[32].png	32	32
img/tile/bimg[330].png	64	21
img/tile/bimg[331].png	128	118
img/tile/bimg[332].png	397	39
img/tile/bimg[333].png	34	69
img/tile/bimg[334].png	32	69
img/tile/bimg[335].png	130	71
img/tile/bimg[336].png	130	71
img/tile/bimg[337].png	63	125
img/tile/bimg[338].png	128	128
img/tile/bimg[339].png	128	128
img/tile/bimg[33].png	32	32
img/tile/bimg[340].png	34	64
img/tile/bimg[341].png	82	125
img/tile/bimg[342].png	86	122
img/tile/bimg[343].png	32	11
img/tile/bimg[344].png	9	51
img/tile/bimg[345].png	9	6
img/tile/bimg[346].png	52	117
img/tile/bimg[347].png	36	54
img/tile/bimg[348].png	34	64
img/tile/bimg[349].png	34	64
img/tile/bimg[34].png	32	128
img/tile/bimg[350].png	258	98
img/tile/bimg[351].png	146	45
img/tile/bimg[352].png	48	60
img/tile/bimg[353].png	48	93
img/tile/bimg[354].png	125	161
img/tile/bimg[355].png	154	156
img/tile/bimg[356].png	160	120
img/tile/bimg[357].png	256	128
img/tile/bimg[358].png	197	53
img/tile/bimg[359].png	167	44
img/tile/bimg[35].png	32	32
img/tile/bimg[360].png	40	59
img/tile/bimg[361].png	59	44
img/tile/bimg[362].png	33	47
img/tile/bimg[363].png	42	29
img/tile/bimg[364].png	39	44
img/tile/bimg[365].png	43	28
img/tile/bimg[366].png	40	42
img/tile/bimg[367].png	38	43
img/tile/bimg[368].png	29	63
img/tile/bimg[369].png	39	46
img/tile/bimg[36].png	8	136
img/tile/bimg[370].png	113	366
img/tile/bimg[371].png	97	382
img/tile/bimg[372].png	82	334
img/tile/bimg[373].png	104	327
img/tile/bimg[374].png	118	314
img/tile/bimg[375].png	98	294
img/tile/bimg[376].png	94	284
img/tile/bimg[377].png	88	246
img/tile/bimg[378].png	92	283
img/tile/bimg[379].png	193	102
img/tile/bimg[37].png	30	231
img/tile/bimg[380].png	104	90
img/tile/bimg[381].png	209	83
img/tile/bimg[382].png	181	100
img/tile/bimg[383].png	217	93
img/tile/bimg[384].png	380	120
img/tile/bimg[385].png	192	71
img/tile/bimg[386].png	141	65
img/tile/bimg[387].png	335	65
img/tile/bimg[388].png	193	69
img/tile/bimg[389].png	319	65
img/tile/bimg[38].png	31	45
img/tile/bimg[390].png	288	85
img/tile/bimg[391].png	362	80
img/tile/bimg[392].png	107	75
img/tile/bimg[393].png	88	70
img/tile/bimg[394].png	29	129
img/tile/bimg[395].png	104	101
img/tile/bimg[396].png	78	14
img/tile/bimg[397].png	89	27
img/tile/bimg[398].png	114	17
img/tile/bimg[399].png	218	166
img/tile/bimg[39].png	21	173
img/tile/bimg[3].png	32	354
img/tile/bimg[400].png	7	46
img/tile/bimg[401].png	25	49
img/tile/bimg[402].png	35	33
img/tile/bimg[403].png	35	33
img/tile/bimg[404].png	131	231
img/tile/bimg[405].png	185	74
img/tile/bimg[406].png	118	51
img/tile/bimg[407].png	18	21
img/tile/bimg[408].png	21	22
img/tile/bimg[409].png	18	24
img/tile/bimg[40].png	21	47
img/tile/bimg[410].png	81	157
img/tile/bimg[411].png	96	76
img/tile/bimg[412].png	47	70
img/tile/bimg[413].png	47	70
img/tile/bimg[414].png	164	71
img/tile/bimg[415].png	15	142
img/tile/bimg[416].png	54	138
img/tile/bimg[417].png	46	136
img/tile/bimg[418].png	74	140
img/tile/bimg[419].png	101	131
img/tile/bimg[41].png	28	132
img/tile/bimg[420].png	133	25
img/tile/bimg[421].png	52	111
img/tile/bimg[422].png	45	133
img/tile/bimg[423].png	34	146
img/tile/bimg[424].png	46	145
img/tile/bimg[425].png	20	156
img/tile/bimg[426].png	31	150
img/tile/bimg[42].png	29	178
img/tile/bimg[43].png	128	127
img/tile/bimg[44].png	85	118
img/tile/bimg[45].png	123	129
img/tile/bimg[46].png	37	96
img/tile/bimg[47].png	81	86
img/tile/bimg[48].png	108	61
img/tile/bimg[49].png	116	21
img/tile/bimg[4].png	32	64
img/tile/bimg[50].png	118	33
img/tile/bimg[51].png	116	25
img/tile/bimg[52].png	92	108
img/tile/bimg[53].png	128	128
img/tile/bimg[54].png	128	128
img/tile/bimg[55].png	162	115
img/tile/bimg[56].png	29	147
img/tile/bimg[57].png	29	147
img/tile/bimg[58].png	26	117
img/tile/bimg[59].png	26	117
img/tile/bimg[5].png	32	64
img/tile/bimg[60].png	95	19
img/tile/bimg[61].png	100	176
img/tile/bimg[62].png	75	89
img/tile/bimg[63].png	62	86
img/tile/bimg[64].png	56	78
img/tile/bimg[65].png	66	74
img/tile/bimg[66].png	86	82
img/tile/bimg[67].png	50	188
img/tile/bimg[68].png	137	99
img/tile/bimg[69].png	181	59
img/tile/bimg[6].png	128	64
img/tile/bimg[70].png	47	174
img/tile/bimg[71].png	42	90
img/tile/bimg[72].png	34	64
img/tile/bimg[73].png	45	40
img/tile/bimg[74].png	63	19
img/tile/bimg[75].png	60	81
img/tile/bimg[76].png	76	100
img/tile/bimg[77].png	100	44
img/tile/bimg[78].png	70	97
img/tile/bimg[79].png	95	81
img/tile/bimg[7].png	32	367
img/tile/bimg[80].png	90	101
img/tile/bimg[81].png	116	61
img/tile/bimg[82].png	32	77
img/tile/bimg[83].png	64	77
img/tile/bimg[84].png	32	77
img/tile/bimg[85].png	12	151
img/tile/bimg[86].png	173	13
img/tile/bimg[87].png	100	188
img/tile/bimg[88].png	24	208
img/tile/bimg[89].png	10	231
img/tile/bimg[8].png	128	367
img/tile/bimg[90].png	69	185
img/tile/bimg[91].png	82	176
img/tile/bimg[92].png	12	13
img/tile/bimg[93].png	40	92
img/tile/bimg[94].png	164	24
img/tile/bimg[95].png	186	53
img/tile/bimg[96].png	184	83
img/tile/bimg[97].png	143	32
img/tile/bimg[98].png	95	180
img/tile/bimg[99].png	39	159
img/tile/bimg[9].png	32	367
img/UI/StartButtonBase.png	160	66
