# ui_layout.tsv — 새 UI 배치 (크래시 더미 코믹스). 게임 로직은 그대로, 그리는 위치·터치만 옮긴다.
# 형식: 화면모드<TAB>원래영역 x0,y0,x1,y1<TAB>새 위치 x,y<TAB>배율<TAB>플래그<TAB>(선택) 이미지 이름(여러 개는 |)
#   플래그(쉼표로 여러 개, 없으면 -): t = 터치도 옮김 / a0.9 = 최소 불투명도 / j = 조준 상태(주인공 상태 15·59)에서는 끔
# 좌표 = 960x640, 왼쪽 위 원점. 화면모드 11 = 스테이지 전투 (9 = 튜토리얼은 아직 원래 배치 — 다음 페이지 화살표가
#   새 공격 버튼 자리와 겹치고, 설명 그림도 새 배치로 다시 그려야 해서 그때 함께 옮긴다)
#
# ── 전투 조작 1차안 ──────────────────────────────────────────────
#  원작: 방향키 왼쪽 아래(떨어진 두 개) + 앉기 그 위 / 스킬·무기변경 가운데 / 색 버튼 4개 오른쪽 아래 2x2 격자
#  새안: 방향키를 한 덩어리 패드로 붙이고 앉기는 패드 가운데 위 / 무기변경·스킬은 공격 버튼 옆 /
#        색 버튼은 오른쪽 아래 모서리를 도는 호(아크) — 주먹(파랑)을 크게 모서리에
#  불투명도: 원작은 색 버튼 4개를 늘 50%, 앉기를 40% 로 그린다. 새 배지 그림은 파란 조작판과 섞이면 흐려지고
#  색이 바뀌어(빨강 발차기 → 보라) 올린다. 캐릭터 높이에 걸치는 위쪽 두 개(주황·초록)는 뒤가 조금 비치게 0.75
#
# 방향키 패드 (UX1 그림: 오른쪽 반쪽 패드 — 게임이 좌우 반전해 왼쪽에도 쓴다. 평평한 안쪽 변끼리 맞붙게 155)
11	26,495,163,625	18,513	1.0	t
11	197,495,334,625	155,513	1.0	t
# 앉기 (캐릭터가 지나다니는 높이라 이미지로 좁힘)
11	30,390,105,445	112,452	1.0	t,a0.8	MenuUi[134]
# 스킬 묶음 (버튼·횟수 숫자) → 공격 버튼 호 왼쪽
11	358,505,475,620	556,516	0.95	t
# 무기 변경 → 스킬 왼쪽
11	485,505,600,620	452,530	0.9	t
# 주먹(파랑, 가장 많이 씀) → 모서리, 크게 (원작도 모서리 버튼이 파랑)
#  조준 상태에서는 게임이 이 자리에 조준 조이스틱(MenuUi[143]·ImF 손잡이)을 그리고 끌기 입력을 받으므로 끈다(j)
11	797,507,905,615	812,492	1.2	t,a0.9,j
# 발차기(빨강) → 호의 아래 왼쪽
11	657,511,765,619	672,520	1.0	t,a0.9
# 주황(행동) → 호의 가운데 (캐릭터 높이라 이미지로 좁힘). 상황에 따라 게임이 이 자리에 파랑[137]·아이콘[18]을 그린다
11	700,390,808,498	694,398	0.95	t,a0.75	MenuUi[139]|MenuUi[137]|MenuUi[18]
# 초록(점프) → 호의 위 (캐릭터 높이라 이미지로 좁힘)
11	839,390,947,498	838,358	1.0	t,a0.75	MenuUi[135]
#
# ── 튜토리얼(모드 9): 배치는 원작 그대로, 불투명도만 (조작판이 60px 위로 올라가 그려진다) ──
9	797,447,905,555	797,447	1.0	a0.9	MenuUi[137]
9	657,451,765,559	657,451	1.0	a0.9	MenuUi[138]
9	700,330,808,438	700,330	1.0	a0.75	MenuUi[139]|MenuUi[137]|MenuUi[18]
9	839,330,947,438	839,330	1.0	a0.75	MenuUi[135]
9	30,330,105,385	30,330	1.0	a0.8	MenuUi[134]
#
# ── 전투 HUD 1차안 ───────────────────────────────────────────────
#  원작: 골드·보석이 위쪽 가운데~오른쪽 한 줄, 시간은 그 아래 가운데 작은 숫자
#  새안: 시간을 위쪽 가운데 큰 배지로, 골드·보석은 왼쪽 세로 줄(상단 안내 띠 아래)로 — 표시만 옮김(터치 없음)
11	420,72,545,100	400,6	1.5	-
#  보석 영역은 x 885 까지만 — 보석 숫자 끝자리(870)까지. 그 오른쪽 (890,~14)은 «사운드 옵션» 안내 손가락이
#  일시정지 버튼(897)을 가리키는 자리라 옮기면 안 된다
11	475,0,684,55	8,140	0.85	-
11	685,0,885,55	8,184	0.85	-
# Menu weapon grid: first three pages; engine disables these rules on ROBOT page 4.
# The painted panel interior starts below y195; three rows end before y435.
12	80,150,280,245	100,199.6	0.8	t
12	280,150,480,245	300,199.6	0.8	t
12	480,150,680,245	500,199.6	0.8	t
12	680,150,880,245	700,199.6	0.8	t
12	80,245,280,340	100,277.6	0.8	t
12	280,245,480,340	300,277.6	0.8	t
12	480,245,680,340	500,277.6	0.8	t
12	680,245,880,340	700,277.6	0.8	t
12	80,340,280,435	100,355.6	0.8	t
12	280,340,480,435	300,355.6	0.8	t
12	480,340,680,435	500,355.6	0.8	t
12	680,340,880,435	700,355.6	0.8	t
# Menu currency groups: preserve icon/number/plus proportions and input geometry.
# Combat modes 9/11 retain their separate HUD rules above.
2	430,0,690,65	540,12	0.73	t
2	690,0,960,65	750,12	0.73	t
3	430,0,690,65	540,12	0.73	-
3	690,0,960,65	750,12	0.73	-
4	430,0,690,65	540,12	0.73	-
4	690,0,960,65	750,12	0.73	-
5	430,0,690,65	540,12	0.73	t
5	690,0,960,65	750,12	0.73	t
6	430,0,690,65	540,12	0.73	-
6	690,0,960,65	750,12	0.73	-
7	430,0,690,65	540,12	0.73	-
7	690,0,960,65	750,12	0.73	-
12	430,0,690,65	540,12	0.73	t
12	690,0,960,65	750,12	0.73	t
15	430,0,690,65	540,12	0.73	t
15	690,0,960,65	750,12	0.73	t
23	430,0,690,65	540,12	0.73	-
23	690,0,960,65	750,12	0.73	-
71	430,0,690,65	540,12	0.73	-
71	690,0,960,65	750,12	0.73	-
72	430,0,690,65	540,12	0.73	-
72	690,0,960,65	750,12	0.73	-
# Shared menu entry/options drawing branches (drawScene cases 1 and 18).
1	430,0,690,65	540,12	0.73	-
1	690,0,960,65	750,12	0.73	-
18	430,0,690,65	540,12	0.73	-
18	690,0,960,65	750,12	0.73	-
# Pause/results draw the combat HUD (no currency plus buttons). Preserve pause/X.
13	475,0,684,55	560,12	0.73	-
13	685,0,885,55	735,12	0.73	-
14	475,0,684,55	560,12	0.73	-
14	685,0,885,55	735,12	0.73	-
# Level selection: ten cards, attached locks/numbers/reward icons and hit regions.
# 80x91 cards become64x72.8; rows end at312.8/404.8 within the new panel.
5	218,224,298,340	228,224	0.8	t
5	328,224,408,340	336,224	0.8	t
5	438,224,518,340	444,224	0.8	t
5	548,224,628,340	552,224	0.8	t
5	658,224,738,340	660,224	0.8	t
5	218,340,298,456	228,316	0.8	t
5	328,340,408,456	336,316	0.8	t
5	438,340,518,456	444,316	0.8	t
5	548,340,628,456	552,316	0.8	t
5	658,340,738,456	660,316	0.8	t
# Shop: fit the full seven-card group, amount plaques and purchase input.
23	98,260,880,445	136,240	0.88	t
# Free-reward shop uses the same opaque115 cards at a different origin (MBar44).
17	72,210,870,335	112,194	0.9	t
# PLAY MODE secondary buttons: align their painted capsules with baked MAIN.
15	219,506,377,566	219,481	1.0	t
15	401,506,559,566	401,481	1.0	t
15	583,506,741,566	583,481	1.0	t
# MenutSet(5,1) shared currency: no currency hit handlers in these modes.
17	430,0,690,65	540,12	0.73	-
17	690,0,960,65	750,12	0.73	-
19	430,0,690,65	540,12	0.73	-
19	690,0,960,65	750,12	0.73	-
28	430,0,690,65	540,12	0.73	-
28	690,0,960,65	750,12	0.73	-
51	430,0,690,65	540,12	0.73	-
51	690,0,960,65	750,12	0.73	-
999	430,0,690,65	540,12	0.73	-
999	690,0,960,65	750,12	0.73	-
