calls	arity	name	wrapper
1195	0	cocos2d__RandomHelper__getEngine_0060b3d4	
1195	3	std__uniform_int_distribution_int___operator___00477ad0	Y
943	5	cocos2d__Color4F__Color4F_0060bc2c	
695	8	FUN_009d4eac	
259	2	SoundClip__play_0047e570	Y
246	2	cocos2d__StringUtils__toString_int__003b434c	Y
207	4	FUN_009d7684	
159	8	kFont__drawString_0047ae54	Y
146	10	kFont__drawDString_0047b574	Y
127	2	FUN_009d5908	
126	5	cocos2d__log_005d21e4	
123	3	FUN_009d5ac8	
92	8	kSprite__drawPos_0047f378	Y
69	2	FUN_009d881c	
66	5	cocos2d__Rect__Rect_005c7150	
65	6	kDraw__drawRect_00479ae8	Y
55	2	FUN_009d899c	
54	3	FUN_009d6cd4	
53	4	kScene__makeSprite_0047d208	Y
51	11	kFont__drawDString2_0047b830	Y
37	0	cocos2d__Application__getInstance_00484a3c	
31	1	kFile__kFile_00479ebc	Y
29	1	kFile__close_00479f64	Y
26	0	cocos2d__UserDefault__getInstance_00600b04	
24	4	kScene__httpPost_0047e198	Y
21	12	kSprite__drawPos_0047ee7c	Y
18	2	kFile__writeInt_0047aa34	Y
17	1	kFile__readInt_0047aacc	Y
15	1	InterstitialInterface__load_0047fc2c	Y
14	3	gh_android_log_print	
13	2	FUN_009d5ec8	
12	0	kDate__getSingleton_004797f8	Y
11	3	kFile__rOpenF_0047a2a0	Y
11	3	kFile__wOpenF_0047a5e8	Y
10	1	kFile__getSize_0047a88c	Y
9	1	RewardInterface__load_0047fcf4	Y
9	2	kScene__clearResData_0047e310	Y
9	3	kFile__rOpenR_0047a018	Y
9	0	cocos2d__Application__getNetStatus_004862f4	
9	5	cocos2d__StringUtils__format_0060c028	
8	0	kDate__getIntervalSince1970_0047991c	Y
8	3	kFile__read_0047a894	Y
7	1	cocos2d__JniHelper__jstring2string_0048f9b4	
7	2	cocos2d__UserDefault__getIntegerForKey_005fb92c	
7	3	FUN_009d7480	
7	2	RewardInterface__RewardInterface_0047fc88	Y
6	2	RewardController__callCallback_00484364	Y
6	1	RewardInterface__isLoaded_0047fd04	Y
6	3	kScene__getSysInfo_0047e070	Y
6	0	cocos2d__Device__getDPI_00487800	
5	2	GoogleGDPRController__callCallback_00482d10	Y
5	0	BannerInterface__hideBannerView_0047fb18	Y
5	1	RewardInterface__show_0047fcfc	Y
5	2	cocos2d__Application__purchase_00485ae8	
5	3	kScene__makeFont_0047d5c4	Y
4	2	InterstitialController__callCallback_0048356c	Y
4	0	cocos2d__Director__getInstance_005dff80	
4	2	cocos2d__Application__OnInterstitial_00484e24	
4	1	FUN_009d719c	
4	3	kScene__clearSprite_0047daa8	Y
4	1	SoundClip___SoundClip_0047e354	Y
4	1	SoundClip__SoundClip_0047e340	Y
3	2	cocos2d__JniHelper__callStaticVoidMethod___004745b0	Y
3	2	FUN_009d1e68	
3	0	cocos2d__Application__SkipGameClearBonus_00485dfc	
3	2	BannerInterface__load_0047fb10	Y
3	2	InterstitialInterface__InterstitialInterface_0047fbc0	Y
3	2	InterstitialInterface__setOnLoadCallback_0047fc58	Y
3	2	InterstitialInterface__setOnShowCallback_0047fc64	Y
3	2	InterstitialInterface__setOnFailCallback_0047fc70	Y
3	2	InterstitialInterface__setOnCloseCallback_0047fc7c	Y
2	2	FUN_009d537c	
2	2	BannerController__callCallback_004812bc	Y
2	1	kDate__getMonthEnd_004798b4	Y
2	0	cocos2d__Application__RequestLoadRewardAd_DailyBonus_00485ebc	
2	3	cocos2d__JniHelper__callStaticVoidMethod_std__string__00474c54	Y
2	0	cocos2d__Application__getPurchaseList_00485bb0	
2	1	SoundClip__stop_0047e6d0	Y
2	0	cocos2d__Application__ClearNotificationAll_00484a5c	
2	1	InterstitialInterface__isLoaded_0047fc3c	Y
2	1	InterstitialInterface__show_0047fc34	Y
2	4	cocos2d__ui__Button__create_004e7df4	
2	2	cocos2d__ui__Button__setTitleText_004e94b4	
2	2	cocos2d__ui__Button__setTitleFontSize_004e9758	
2	6	cocos2d__Label__createWithSystemFont_0055a324	
1	0	__cxa_begin_catch_00991ca8	
1	0	std__terminate_00992aac	
1	1	cocos2d__Director__end_005e3ab0	
1	4	cocos2d__JniHelper__callStaticVoidMethod_std__string_bool__00475dc4	Y
1	4	cocos2d__JniHelper__callStaticVoidMethod_std__string_int__004759a8	Y
1	2	cocos2d__JniHelper__callStaticBooleanMethod___004748f8	Y
1	4	cocos2d__JniHelper__callStaticVoidMethod_std__string_long__00474fbc	Y
1	7	kSprite__drawPos_0047f88c	Y
1	2	SoundClip__loadSnd_0047e3fc	Y
1	3	builtin_strncpy	
1	4	cocos2d__Application__Click_AppsFlyerEvent_00485298	
1	2	std___Rb_tree_int_std__pair_int_const_kSprite___std___Select1st_std__pair_int_const_kSprite____std__less_int__std__allocator_std__pair_int_const_kSprite_______M_erase_00477a84	Y
1	1	cocos2d__Scene___Scene_0058fc84	
1	0	BannerInterface__onResume_0047fb28	Y
1	0	BannerInterface__onPause_0047fb24	Y
1	1	cocos2d__Scene__Scene_0058f9c4	
1	2	FUN_009bb5d4	
1	3	FUN_009b469c	
1	2	FUN_009b9be4	
1	1	FUN_009b02d4	
1	1	FUN_00995494	
1	0	cocos2d__Application__setRestore_00485c70	
1	2	BannerInterface__BannerInterface_0047fb04	Y
1	1	BannerInterface__setInterval_0047fb08	Y
1	1	BannerInterface__setOnLoadCallback_0047fb40	Y
1	1	BannerInterface__setOnFailCallback_0047fb44	Y
1	2	RewardInterface__setOnLoadCallback_0047fd20	Y
1	2	RewardInterface__setOnShowCallback_0047fd2c	Y
1	2	RewardInterface__setOnCompleteCallback_0047fd44	Y
1	2	RewardInterface__setOnCloseCallback_0047fd5c	Y
1	2	RewardInterface__setOnFailCallback_0047fd38	Y
1	2	RewardInterface__setOnSkipCallback_0047fd50	Y
1	0	cocos2d__FileUtils__getInstance_00488d1c	
1	1	cocos2d__Image__Image_005c10e0	
1	2	cocos2d__Image__initWithImageFile_005c12f8	
1	1	kScene__makeDraw_0047d650	Y
1	1	kFile__readString_0047aae8	Y
1	0	BannerInterface__removeBanner_0047fb14	Y
1	2	kFile__writeString_0047ab60	Y
1	0	BannerInterface__showBannerView_0047fb1c	Y
1	1	cocos2d__Sprite__create_005918a4	
1	5	cocos2d__Color4B__Color4B_0060b934	
1	2	kPopup__create_0047c134	Y
1	2	kPopup__setCallback_0047c26c	Y
1	1	CommonInterface__setDebugMode_0047fb48	Y
1	1	CommonInterface__reqAdTrackingAuthorization_0047fb58	Y
1	1	CommonInterface__setAdvertiserTrackingEnabled_0047fb4c	Y
1	0	FUN_009d1a48	Y
0	2	std___Function_handler_void_cocos2d__Ref___std___Bind_std___Mem_fn_void_bzStateGame_____cocos2d__Ref____bzStateGame__std___Placeholder_1_______M_invoke	Y
