count	name	used_in
1321	ExclusiveMonitorPass	AchieveLoad,AchieveSave,AitemSsave,Aitemload,BAitemSsave,BAitemload
1321	ExclusiveMonitorsStatus	AchieveLoad,AchieveSave,AitemSsave,Aitemload,BAitemSsave,BAitemload
1195	cocos2d::RandomHelper::getEngine	COMAI,ComCreate,CouponRand,DRChk,GItemEtt,GPlayloop
1195	std::uniform_int_distribution<int>::operator	COMAI,ComCreate,CouponRand,DRChk,GItemEtt,GPlayloop
1129	operator_delete	AchieveLoad,AchieveSave,AitemSsave,Aitemload,BAitemSsave,BAitemload
943	cocos2d::Color4F::Color4F	AdEvent,BuyStoreWin,ComboAni,ConfirmationWindo,CouponImage,CouponResource
696	FUN_009d4eac	AchieveLoad,AchieveSave,AitemSsave,Aitemload,BAitemSsave,BAitemload
447	CONCAT44	BuyStoreWin,ConfirmationWindo,CouponImage,GUIImg_drawImage,GUIImg_rotateImage,GameUIImg
280	GUIImg_drawImage	BuyStoreWin,ComboAni,ConfirmationWindo,CouponImage,CouponResource,DrawDrone
259	SoundClip::play	AttTileimg,ComboDescription,DrawDrone,GItemEtt,GPlayloop,GetRewardWeaponFree
223	NEON_scvtf	BuyStoreWin,ConfirmationWindo,PopupWin,drawScene
207	FUN_009d7684	ConfirmationWindo,CouponImage,MenutSet,PopupWin,convertMoneyStr,drawScene
159	kFont::drawString	BuyStoreWin,ConfirmationWindo,CouponImage,GOrderView,GameUIImg,MenutSet
147	PXYAni	COMAI,ComboDescription,GPlayloop,GetRewardAdFirstAidKit,GetRewardDrone,MenutSet
146	drawString	BuyStoreWin,ComboAni,CouponImage,CouponResource,PopupWin,drawScene
146	kFont::drawDString	ConfirmationWindo,GOrderView,PopupWin,drawScene
136	__stack_chk_fail	AchieveLoad,AchieveSave,AdEvent,AitemSsave,Aitemload,BAitemSsave
126	FUN_009d5908	CouponImage,MenutSet,PopupWin,drawScene,handleEvent,iscreateImage
122	FUN_009d5ac8	CouponImage,MenutSet,PopupWin,drawScene,handleEvent
114	kSprite::drawPos	AdEvent,DrawDrone,GUIImg_drawImage,GUIImg_drawImage2,GUIImg_rotateImage,LoadImg_drawImage
110	cocos2d::log	AdMob,BSTGSsave,BSTGload,DataLoad,GOrderload,GPlayloop
83	MBarimg	BuyStoreWin,ComboAni,ConfirmationWindo,GameUIImg,MenutSet,PopupWin
66	cocos2d::Rect::Rect	AdEvent,BuyStoreWin,ComboAni,CouponImage,GOrderView,GameUIImg
65	kDraw::drawRect	AdEvent,BuyStoreWin,ComboAni,CouponImage,GOrderView,GameUIImg
64	FUN_009d881c	BuyStoreWin,DelAchieveData,ExeAchievementUnlocked,ExeIncrementalAchievementStep,ExeIncrementalAchievementUnlocked,ExeShowLeaderboard
57	AitemSsave	AdEvent,CouponDataLoad,GPlayloop,GetDailyReward_Double,GetGameResultDouble,GetRewardAdFirstAidKit
55	FUN_009d899c	GetAchieveDataIdx,OnReflash,getCurCode,getCurPrice,getDefaultPrice,initResource
54	FUN_009d6cd4	BuyStoreWin,ExeAchievementUnlocked,ExeIncrementalAchievementStep,ExeIncrementalAchievementUnlocked,GetAchieveDataIdx,GetPurchaseState
54	memcpy	CouponDataLoad,Datainit,ImgSoundLoad,InitData,MenutSet,SDataLoad2
53	kScene::makeSprite	ImgSoundLoad,bigBimg_drawImage,bigBimg_drawImage2,createImage,createImage2,createImage3
51	kFont::drawDString2	BuyStoreWin,DrawDrone,PopupWin,drawScene
51	ImgNumber	BuyStoreWin,CouponImage,GameUIImg,MenutSet,drawEventIcon,drawScene
48	PCMiniAni	GPlayloop,MBarimg,PCDamage,PimgAni,Poper,Poper2
46	GOrderSsave	AdEvent,CouponDataLoad,ImgSoundLoad,MenutSet,TilePoper2,WeaponAni
45	operator_new	AchieveLoad,AchieveSave,AitemSsave,Aitemload,BAitemSsave,BAitemload
45	WeaponAni	COMAI,ComboDescription,GPlayloop,GetRewardAdFirstAidKit,LPimg2,MenutSet
45	PAniinit2	COMAI,ComboDescription,GPlayloop,PCMiniAni,PimgAni,Poper
41	SBORROW4	COMAI,CouponDayDel,GItemEtt,MenutSet
37	memset	AchieveLoad,Aitemload,ConfirmationWindo,CouponDataLoad,CouponDload,GOrderload
37	cocos2d::Application::getInstance	AdMob,BillingKey,DailyCheck,ImgSoundLoad,MenutSet,RequestLoadRewardAd_DailyBonus
35	Gold	CouponDataLoad,GItemEtt,GPlayloop,GetDailyReward_Double,GetGameResultDouble,GetRewardAdFirstAidKit
33	Jewel	AdEvent,CouponDataLoad,GItemEtt,GPlayloop,GetDailyReward_Double,GetRewardAdFirstAidKit
33	STGSsave	CouponDataLoad,GPlayloop,ImgSoundLoad,MenutSet,PAniinit2,PCMiniAni
31	kFile::kFile	AchieveLoad,AchieveSave,AitemSsave,Aitemload,BAitemSsave,BAitemload
31	MenutSet	Aitemload,BuyStoreWin,GPlayloop,drawScene,handleEvent
29	kFile::close	AchieveLoad,AchieveSave,AitemSsave,Aitemload,BAitemSsave,BAitemload
29	initRest	GItemEtt,PCMiniAni,PimgAni,Poper,Poper2,Poper3
26	cocos2d::UserDefault::getInstance	DailyCheck,GetDailyRewardHistory,GetDailyReward_SaveTime,SetDailyRewardHistory
25	createImage	GUIImg_drawImage,GUIImg_drawImage2,GUIImg_rotateImage,ImgSoundLoad,LoadImg_drawImage,Obj_drawImage
24	kScene::httpPost	CouponDataDel,CouponDataLoad,CouponDayDel,CouponSend,ImgSoundLoad,MenutSet
21	Tileimg	GPlayloop
20	GOrderView	GameUIImg,drawScene
19	LPimg	GPlayloop,LPimg,MenutSet,WeaponAni,drawEventIcon,drawScene
18	kFile::writeInt	AchieveSave,AitemSsave,BAitemSsave,BSTGSsave,BackupStage_Save,GOrderSsave
18	SendAppsFlyerEvent	Aitemload,MenutSet,drawScene,handleEvent
18	getCurCode	BuyStoreWin,drawScene
17	kFile::readInt	AchieveLoad,Aitemload,BAitemload,BSTGload,BackupStage_Load,GOrderload
16	PCDamage	PimgAni,Poper,Poper2,Poper3
15	InterstitialInterface::load	AdMob,handleEvent,loadInterstitial
15	FUN_003af38c	BuyStoreWin,CouponImage,CouponResource,drawScene,handleEvent
15	bigBimg_drawImage	ComboAni,MenutSet,drawScene
13	FUN_009d5ec8	BuyStoreWin,DelAchieveData,DrawDrone,drawScene,getCurPrice
13	initPimg	ComCreate,GPlayloop,PCMiniAni,TilePoper2,WeaponAni
13	ShowAchievements	MenutSet,PEXP,WeaponAni,completeTransaction,handleEvent
12	kDate::getSingleton	DailyCheck,GRTimeload,GetDailyReward_SaveTime,ImgSoundLoad,MainRewardLoad,adMassage
12	malloc	CouponDataLoad,DataLoad,ImgSoundLoad,InitData,MapDatainitLoad,ObjDataLoad
11	kFile::rOpenF	AchieveLoad,Aitemload,BAitemload,BSTGload,BackupStage_Load,GOrderload
11	kFile::wOpenF	AchieveSave,AitemSsave,BAitemSsave,BSTGSsave,BackupStage_Save,GOrderSsave
11	Txchaki	PCMiniAni,PimgAni,WeaponAni,handleEvent
10	byebye	WeaponAni,adMassage,aos_error,handleEvent,msgBoxCallback
10	kFile::getSize	Aitemload,DataLoad,MapDatainitLoad,ObjDataLoad,UIDatainitLoad,imgLoad
10	GPlayloop	drawScene
9	STGload	ImgSoundLoad,SwapStageSaveFile,adMassage,handleEvent,initResource
9	cocos2d::StringUtils::format	ImgSoundLoad,bigBimg_drawImage,bigBimg_drawImage2,createImage,createImage2,iscreateImage
9	sprintf	CouponDataDel,CouponDataLoad,CouponDayDel,CouponSend,ImgSoundLoad,MenutSet
9	kScene::clearResData	CouponDataDel,CouponDataLoad,CouponDayDel,CouponSend,ImgSoundLoad,MenutSet
9	kFile::rOpenR	DataLoad,MapDatainitLoad,ObjDataLoad,UIDatainitLoad,imgLoad
9	free	DataLoad,InitData,MapDatainitLoad,ObjDataLoad,UIDatainitLoad
9	MainRewardSave	GetRewardAdTitleMenu,GetRewardWeaponFree,ImgSoundLoad,MainRewardLoad,MenutSet,drawScene
9	GameUIImg	drawScene
9	cosf	GItemEtt,LPimg2,joyPad
9	sinf	GItemEtt,LPimg2,joyPad
9	cocos2d::Application::getNetStatus	ImgSoundLoad,MenutSet,ShowAchievements,ShowAllLeaderBoard,handleEvent,isNetwork
8	cocos2d::Director::getInstance	applicationDidEnterBackground,applicationDidFinishLaunching,applicationWillEnterForeground,initBanner,loadBanner,showBanner
8	kDate::getIntervalSince1970	DailyCheck,GRTimeload,GetDailyReward_SaveTime,MainRewardLoad,adMassage,drawScene
8	RewardInterface::load	AdMob,ImgSoundLoad,handleEvent,loadReward
8	ImgMoneyNumber	BuyStoreWin,drawScene
8	kFile::read	DataLoad,MapDatainitLoad,ObjDataLoad,UIDatainitLoad
8	ExeIsSigned	ImgSoundLoad,MenutSet,ShowAchievements,ShowAllLeaderBoard,drawScene,handleEvent
8	bigBimg_drawImage2	MenutSet,drawScene
8	strcmp	getReward,startState
7	joyPad	COMAI,ComboDescription,PAniinit2,handleEvent
7	GUIImg_rotateImage	ComboAni,GOrderView,GameUIImg,MBarimg
7	memcmp	DelAchieveData,GetAchieveDataIdx,completeTransaction,getCurCode,getCurPrice,getRestoreBill
7	FUN_009d7480	drawScene,getDeviceID,initResource,loadUserInfo,startState
7	Obj_drawImage	GameUIImg
7	cocos2d::UserDefault::getIntegerForKey	GetDailyRewardHistory
7	RewardInterface::RewardInterface	initReward
7	Obj_rotateImage	LPimg,LPimg2,OBJimg
6	Aitemload	ImgSoundLoad,adMassage,handleEvent
6	RewardInterface::isLoaded	AdMob,drawScene,handleEvent,showReward
6	getCurPrice	BuyStoreWin,drawScene
6	DrawDrone	drawScene
6	ComCreate	GPlayloop,drawScene
6	kScene::getSysInfo	getDeviceID,initResource,loadUserInfo,startState
6	strlen	getDeviceID,initResource,loadUserInfo,startState
6	adCounting	handleEvent
6	cocos2d::Device::getDPI	initBanner,loadBanner,showBanner
5	GOrderload	GOrderload,ImgSoundLoad,MenutSet,adMassage,startState
5	RewardInterface::show	AdMob,drawScene,handleEvent,showReward
5	cocos2d::Application::purchase	BillingKey,controlBuyStoreWin,handleEvent
5	CouponDel	CouponDataLoad,CouponDayDel,MenutSet,NEWCouponNUM
5	PimgAni	drawScene
5	GItemEtt	drawScene
5	ExeGoogleLogin	ImgSoundLoad,ShowAchievements,ShowAllLeaderBoard,handleEvent
5	atanf	joyPad
5	kScene::makeFont	loadFont
4	BannerInterface::hideBannerView	AdMob,handleEvent,hideBanner
4	cocos2d::Application::OnInterstitial	AdMob,handleEvent
4	TileImg_rotateImage	AttTileimg,Tileimg
4	kScene::clearSprite	MenutSet,bigBimg_drawImage,bigBimg_drawImage2,drawScene
4	convertMoneyint	BuyStoreWin,drawScene
4	convertMoneyStr	BuyStoreWin,drawScene
4	SoundClip::SoundClip	bzStateGame
4	FUN_009d719c	ImgMoneyNumber,convertMoneyStr,convertMoneyint,initResource
4	ConfirmationWindo	drawScene
4	GUIImg_drawImage2	MBarimg,drawScene
4	PXYChexk	GPlayloop
4	GStage	MenutSet,handleEvent
4	PHead_rotateImage	LPimg,LPimg2
4	PHead_rotateImage2	LPimg,LPimg2
4	find	MenutSet,ShowAchievements,ShowAllLeaderBoard,onConnectionStatusChanged
4	TileCData	OBJChexk,PXYChexk
4	TilePoper2	OBJChexk,PXYChexk
4	SoundClip	~bzStateGame
3	atoi	CouponDataLoad,InitData,convertMoneyint
3	FUN_009d1e68	ImgMoneyNumber,convertMoneyStr,convertMoneyint
3	__n	ImgMoneyNumber,convertMoneyStr,convertMoneyint
3	size	ImgMoneyNumber,convertMoneyStr,convertMoneyint
3	OBJimg	GPlayloop,drawScene
3	Scroll	PimgAni,drawScene
3	AttTileimg	GPlayloop
3	cocos2d::Application::SkipGameClearBonus	SkipGameClearBonus,handleEvent
3	MoveProKey	PAniinit2,handleEvent
3	ExeShowAchievements	ShowAchievements,handleEvent,onConnectionStatusChanged
3	cahkCom	WeaponAni,handleEvent
3	BannerInterface::load	initBanner,loadBanner,showBanner
3	InterstitialInterface::InterstitialInterface	initInterstitial
3	InterstitialInterface::setOnLoadCallback	initInterstitial
3	InterstitialInterface::setOnShowCallback	initInterstitial
3	InterstitialInterface::setOnFailCallback	initInterstitial
3	InterstitialInterface::setOnCloseCallback	initInterstitial
3	BackupStage_Save	MenutSet,initResource
3	PCCData	OBJChexk,PXYChexk,TileChexk
3	PEXP	PCMiniAni,PimgAni,WeaponAni
3	_M_erase	~bzStateGame
2	cocos2d::experimental::AudioEngine::end	~AppDelegate
2	Application	~AppDelegate
2	AchieveSave	AchieveLoad,onAchievementUnlocked
2	lastDaySaveFile	adCounting,handleEvent
2	cocos2d::Application::ClearNotificationAll	adMassage,startState
2	AchieveLoad	ImgSoundLoad,adMassage
2	showBanner	AdMob,handleEvent
2	kDate::getMonthEnd	DailyCheck,GetDailyReward_SaveTime
2	cocos2d::Application::RequestLoadRewardAd_DailyBonus	DailyCheck,RequestLoadRewardAd_DailyBonus
2	InterstitialInterface::isLoaded	drawScene,showInterstitial
2	InterstitialInterface::show	drawScene,showInterstitial
2	COMAI	drawScene
2	procFirstAidKit	drawScene
2	GetDailyReward_SaveTime	GetDailyReward_Double,drawScene
2	LoadImg_drawImage	drawScene
2	Pimg_rotateImage	GameUIImg,LPimg
2	GetPurchaseState	getCurPrice
2	getDefaultPrice	getCurPrice
2	TileImg_drawImage	GPlayloop,TileRGBimg
2	OBJChexk	GPlayloop
2	BackupStage_Load	SwapStageSaveFile,handleEvent
2	CouponDataLoad	NEWCouponNUM,handleEvent
2	time	handleEvent,initResource
2	srand	handleEvent,initResource
2	rand	handleEvent,initResource
2	SoundClip::stop	StopPlay,handleEvent
2	startInapp	ImgSoundLoad,startInapp
2	cocos2d::Application::getPurchaseList	ImgSoundLoad,startInapp
2	Weapon_rotateImage	LPimg,LPimg2
2	ExeShowLeaderboard	ShowAllLeaderBoard,onConnectionStatusChanged
2	PurchaseStruct	OnReflash,~bzStateGame
2	memmove	procFirstAidKit
2	cocos2d::ui::Button::create	showMsgBox
2	cocos2d::ui::Button::setTitleText	showMsgBox
2	cocos2d::ui::Button::setTitleFontSize	showMsgBox
2	cocos2d::Label::createWithSystemFont	showMsgBox
1	cocos2d::Application::Application	AppDelegate
1	cocos2d::Director::stopAnimation	applicationDidEnterBackground
1	cocos2d::experimental::AudioEngine::pauseAll	applicationDidEnterBackground
1	cocos2d::GLViewImpl::create	applicationDidFinishLaunching
1	cocos2d::Director::setOpenGLView	applicationDidFinishLaunching
1	cocos2d::Director::setAnimationInterval	applicationDidFinishLaunching
1	cocos2d::Ref::autorelease	applicationDidFinishLaunching
1	cocos2d::Director::runWithScene	applicationDidFinishLaunching
1	cocos2d::Director::startAnimation	applicationWillEnterForeground
1	cocos2d::experimental::AudioEngine::resumeAll	applicationWillEnterForeground
1	cocos2d::GLView::setGLContextAttrs	initGLContextAttrs
1	BannerInterface::onResume	adMassage
1	GRTimeload	adMassage
1	BannerInterface::onPause	adMassage
1	GRTimeSsave	adMassage
1	TileChexk	AttTileimg
1	cocos2d::Scene::Scene	bzStateGame
1	FUN_009d537c	convertMoneyint
1	FUN_009bb5d4	convertMoneyStr
1	FUN_009b469c	convertMoneyStr
1	FUN_009b9be4	convertMoneyStr
1	FUN_009b02d4	convertMoneyStr
1	FUN_00995494	convertMoneyStr
1	GetDailyRewardHistory	DailyCheck
1	ImgSoundLoad	drawScene
1	CouponDayDel	drawScene
1	CouponResource	drawScene
1	CouponImage	drawScene
1	ComboDescription	drawScene
1	ComboAni	drawScene
1	JScroll	drawScene
1	JumpStage	drawScene
1	PopupWin	drawScene
1	BuyStoreWin	drawScene
1	FUN_009c084c	GetAchieveDataIdx
1	SetDailyRewardHistory	GetDailyReward_SaveTime
1	showing	GOrderView
1	NEON_fmov	GPlayloop
1	TileRGBimg	GPlayloop
1	imgLoad	GUIImg_drawImage
1	controlBuyStoreWin	handleEvent
1	controlPopupWin	handleEvent
1	ShowAllLeaderBoard	handleEvent
1	ExeGoogleLogout	handleEvent
1	cocos2d::Application::setRestore	handleEvent
1	DataLoad	ImgSoundLoad
1	ObjDataLoad	ImgSoundLoad
1	MapDatainitLoad	ImgSoundLoad
1	UIDatainitLoad	ImgSoundLoad
1	BAitemload	ImgSoundLoad
1	BSTGload	ImgSoundLoad
1	BAitemSsave	ImgSoundLoad
1	BSTGSsave	ImgSoundLoad
1	MainRewardLoad	ImgSoundLoad
1	SoundClip::loadSnd	ImgSoundLoad
1	BannerInterface::BannerInterface	initBanner
1	BannerInterface::setInterval	initBanner
1	BannerInterface::setOnLoadCallback	initBanner
1	BannerInterface::setOnFailCallback	initBanner
1	DailyCheck	initResource
1	loadFont	initResource
1	RewardInterface::setOnLoadCallback	initReward
1	RewardInterface::setOnShowCallback	initReward
1	RewardInterface::setOnCompleteCallback	initReward
1	RewardInterface::setOnCloseCallback	initReward
1	RewardInterface::setOnFailCallback	initReward
1	RewardInterface::setOnSkipCallback	initReward
1	cocos2d::FileUtils::getInstance	iscreateImage
1	cocos2d::Image::Image	iscreateImage
1	cocos2d::Image::initWithImageFile	iscreateImage
1	atan2f	joyPad
1	kScene::makeDraw	loadFont
1	kFile::readString	loadUserInfo
1	Pimg_rotateImage3	LPimg2
1	exeDurability	LPimg2
1	LPSOimg	LPimg
1	Weapon_rotateImage2	LPimg
1	LPimg2	LPimg
1	Pimg_rotateImage2	LPimg
1	NAN	LPimg
1	ExesubmitScore	MenutSet
1	CouponRand	NEWCouponNUM
1	Poper2	OBJChexk
1	unlocked	onAchievementUnlocked
1	GetAchieveDataIdx	onAchievementUnlocked
1	Poper	PXYChexk
1	BannerInterface::removeBanner	removeBanner
1	kFile::writeString	saveUserInfo
1	cocos2d::Application::Click_AppsFlyerEvent	SendAppsFlyerEvent
1	ExeAchievementUnlocked	ShowAchievements
1	BannerInterface::showBannerView	showBanner
1	cocos2d::Sprite::create	showMsgBox
1	cocos2d::Color4B::Color4B	showMsgBox
1	kPopup::create	showMsgBox
1	kPopup::setCallback	showMsgBox
1	initResource	startState
1	CommonInterface::setDebugMode	startState
1	CommonInterface::reqAdTrackingAuthorization	startState
1	CommonInterface::setAdvertiserTrackingEnabled	startState
1	initBanner	startState
1	initInterstitial	startState
1	initReward	startState
1	lastDayLoadFile	startState
1	Poper3	TileChexk
1	Scene	~bzStateGame
1	bzStateGame	~bzStateGame
